Epoch,Unfiltered,Training Loss,Consistency,Epoch Time,Test Loss,Validation Loss
epoch:  0 , unfiltered:  1.11e-02 , train loss:  1.11e-02 , consistency:  1.000003e+00 , epoch_time =  8.495371341705322 , test loss:  1.31e-02 , validation loss:  1.32e-02  ***\
epoch:  1 , unfiltered:  1.11e-02 , train loss:  1.10e-02 , consistency:  9.999998e-01 , epoch_time =  7.345304727554321 , test loss:  1.30e-02 , validation loss:  1.31e-02  ***\
epoch:  2 , unfiltered:  1.11e-02 , train loss:  1.09e-02 , consistency:  9.999974e-01 , epoch_time =  6.554926156997681 , test loss:  1.28e-02 , validation loss:  1.30e-02  ***\
epoch:  3 , unfiltered:  1.11e-02 , train loss:  1.08e-02 , consistency:  1.000012e+00 , epoch_time =  7.487102031707764 , test loss:  1.24e-02 , validation loss:  1.25e-02  ***\
epoch:  4 , unfiltered:  1.11e-02 , train loss:  1.06e-02 , consistency:  1.000010e+00 , epoch_time =  8.0537269115448 , test loss:  1.17e-02 , validation loss:  1.18e-02  ***\
epoch:  5 , unfiltered:  1.11e-02 , train loss:  1.03e-02 , consistency:  1.000003e+00 , epoch_time =  6.974256753921509 , test loss:  1.18e-02 , validation loss:  1.18e-02\
epoch:  6 , unfiltered:  1.11e-02 , train loss:  1.02e-02 , consistency:  1.000009e+00 , epoch_time =  7.05272650718689 , test loss:  1.15e-02 , validation loss:  1.15e-02  ***\
epoch:  7 , unfiltered:  1.11e-02 , train loss:  1.00e-02 , consistency:  9.999899e-01 , epoch_time =  8.02290391921997 , test loss:  1.12e-02 , validation loss:  1.13e-02  ***\
epoch:  8 , unfiltered:  1.11e-02 , train loss:  9.77e-03 , consistency:  1.000012e+00 , epoch_time =  6.757347822189331 , test loss:  1.08e-02 , validation loss:  1.09e-02  ***\
epoch:  9 , unfiltered:  1.11e-02 , train loss:  9.41e-03 , consistency:  9.999904e-01 , epoch_time =  6.482000827789307 , test loss:  1.06e-02 , validation loss:  1.07e-02  ***\
epoch:  10 , unfiltered:  1.11e-02 , train loss:  9.02e-03 , consistency:  1.000009e+00 , epoch_time =  8.1310555934906 , test loss:  1.04e-02 , validation loss:  1.05e-02  ***\
epoch:  11 , unfiltered:  1.11e-02 , train loss:  8.56e-03 , consistency:  1.000012e+00 , epoch_time =  7.854729413986206 , test loss:  1.05e-02 , validation loss:  1.05e-02  ***\
epoch:  12 , unfiltered:  1.11e-02 , train loss:  8.03e-03 , consistency:  9.999881e-01 , epoch_time =  6.534564971923828 , test loss:  1.01e-02 , validation loss:  1.00e-02  ***\
epoch:  13 , unfiltered:  1.11e-02 , train loss:  7.43e-03 , consistency:  9.999970e-01 , epoch_time =  7.430236577987671 , test loss:  9.62e-03 , validation loss:  9.62e-03  ***\
epoch:  14 , unfiltered:  1.11e-02 , train loss:  6.84e-03 , consistency:  1.000000e+00 , epoch_time =  8.160484552383423 , test loss:  9.11e-03 , validation loss:  9.19e-03  ***\
epoch:  15 , unfiltered:  1.11e-02 , train loss:  6.37e-03 , consistency:  1.000009e+00 , epoch_time =  7.030186176300049 , test loss:  8.64e-03 , validation loss:  8.75e-03  ***\
epoch:  16 , unfiltered:  1.11e-02 , train loss:  5.96e-03 , consistency:  9.999970e-01 , epoch_time =  6.529487133026123 , test loss:  8.39e-03 , validation loss:  8.51e-03  ***\
epoch:  17 , unfiltered:  1.11e-02 , train loss:  5.63e-03 , consistency:  9.999899e-01 , epoch_time =  8.273622751235962 , test loss:  8.15e-03 , validation loss:  8.29e-03  ***\
epoch:  18 , unfiltered:  1.11e-02 , train loss:  5.35e-03 , consistency:  9.999994e-01 , epoch_time =  8.099472761154175 , test loss:  7.91e-03 , validation loss:  8.09e-03  ***\
epoch:  19 , unfiltered:  1.11e-02 , train loss:  5.09e-03 , consistency:  1.000002e+00 , epoch_time =  6.585825204849243 , test loss:  7.91e-03 , validation loss:  7.98e-03  ***\
epoch:  20 , unfiltered:  1.11e-02 , train loss:  4.96e-03 , consistency:  9.999974e-01 , epoch_time =  7.104637384414673 , test loss:  7.52e-03 , validation loss:  7.81e-03  ***\
epoch:  21 , unfiltered:  1.11e-02 , train loss:  4.80e-03 , consistency:  9.999881e-01 , epoch_time =  8.455140590667725 , test loss:  7.76e-03 , validation loss:  8.25e-03\
epoch:  22 , unfiltered:  1.11e-02 , train loss:  4.73e-03 , consistency:  1.000013e+00 , epoch_time =  6.561640024185181 , test loss:  7.27e-03 , validation loss:  7.56e-03  ***\
epoch:  23 , unfiltered:  1.11e-02 , train loss:  4.55e-03 , consistency:  1.000012e+00 , epoch_time =  6.620229005813599 , test loss:  7.27e-03 , validation loss:  7.55e-03  ***\
epoch:  24 , unfiltered:  1.11e-02 , train loss:  4.41e-03 , consistency:  9.999906e-01 , epoch_time =  8.074798583984375 , test loss:  7.32e-03 , validation loss:  7.65e-03\
epoch:  25 , unfiltered:  1.11e-02 , train loss:  4.32e-03 , consistency:  1.000009e+00 , epoch_time =  6.870443820953369 , test loss:  7.11e-03 , validation loss:  7.55e-03\
epoch:  26 , unfiltered:  1.11e-02 , train loss:  4.25e-03 , consistency:  9.999881e-01 , epoch_time =  7.044611930847168 , test loss:  7.12e-03 , validation loss:  7.50e-03  ***\
epoch:  27 , unfiltered:  1.11e-02 , train loss:  4.12e-03 , consistency:  1.000013e+00 , epoch_time =  8.280915260314941 , test loss:  7.08e-03 , validation loss:  7.44e-03  ***\
epoch:  28 , unfiltered:  1.11e-02 , train loss:  3.97e-03 , consistency:  9.999883e-01 , epoch_time =  7.47377347946167 , test loss:  7.12e-03 , validation loss:  7.44e-03\
epoch:  29 , unfiltered:  1.11e-02 , train loss:  3.89e-03 , consistency:  1.000003e+00 , epoch_time =  6.557254076004028 , test loss:  6.94e-03 , validation loss:  7.51e-03\
epoch:  30 , unfiltered:  1.11e-02 , train loss:  3.83e-03 , consistency:  1.000010e+00 , epoch_time =  8.052075386047363 , test loss:  6.83e-03 , validation loss:  7.35e-03  ***\
epoch:  31 , unfiltered:  1.11e-02 , train loss:  3.85e-03 , consistency:  1.000010e+00 , epoch_time =  6.786355972290039 , test loss:  6.72e-03 , validation loss:  7.21e-03  ***\
epoch:  32 , unfiltered:  1.11e-02 , train loss:  3.86e-03 , consistency:  1.000009e+00 , epoch_time =  6.571618556976318 , test loss:  6.58e-03 , validation loss:  7.20e-03  ***\
epoch:  33 , unfiltered:  1.11e-02 , train loss:  3.70e-03 , consistency:  1.000009e+00 , epoch_time =  9.768153667449951 , test loss:  6.64e-03 , validation loss:  7.24e-03\
epoch:  34 , unfiltered:  1.11e-02 , train loss:  3.62e-03 , consistency:  1.000003e+00 , epoch_time =  7.12258505821228 , test loss:  6.39e-03 , validation loss:  7.02e-03  ***\
epoch:  35 , unfiltered:  1.11e-02 , train loss:  3.58e-03 , consistency:  1.000001e+00 , epoch_time =  6.6302149295806885 , test loss:  6.77e-03 , validation loss:  7.23e-03\
epoch:  36 , unfiltered:  1.11e-02 , train loss:  3.52e-03 , consistency:  9.999899e-01 , epoch_time =  8.101594686508179 , test loss:  6.53e-03 , validation loss:  7.08e-03\
epoch:  37 , unfiltered:  1.11e-02 , train loss:  3.45e-03 , consistency:  1.000012e+00 , epoch_time =  6.807699918746948 , test loss:  6.35e-03 , validation loss:  6.96e-03  ***\
epoch:  38 , unfiltered:  1.11e-02 , train loss:  3.44e-03 , consistency:  9.999899e-01 , epoch_time =  6.603116512298584 , test loss:  6.62e-03 , validation loss:  7.17e-03\
epoch:  39 , unfiltered:  1.11e-02 , train loss:  3.42e-03 , consistency:  1.000012e+00 , epoch_time =  8.159002304077148 , test loss:  6.46e-03 , validation loss:  7.03e-03\
epoch:  40 , unfiltered:  1.11e-02 , train loss:  3.40e-03 , consistency:  9.999906e-01 , epoch_time =  6.620451211929321 , test loss:  6.56e-03 , validation loss:  7.19e-03\
epoch:  41 , unfiltered:  1.11e-02 , train loss:  3.48e-03 , consistency:  9.999976e-01 , epoch_time =  7.3268232345581055 , test loss:  6.78e-03 , validation loss:  7.36e-03\
epoch:  42 , unfiltered:  1.11e-02 , train loss:  3.42e-03 , consistency:  1.000012e+00 , epoch_time =  8.176855564117432 , test loss:  6.67e-03 , validation loss:  7.16e-03\
epoch:  43 , unfiltered:  1.11e-02 , train loss:  3.35e-03 , consistency:  1.000010e+00 , epoch_time =  6.552706718444824 , test loss:  6.59e-03 , validation loss:  7.13e-03\
epoch:  44 , unfiltered:  1.11e-02 , train loss:  3.23e-03 , consistency:  1.000009e+00 , epoch_time =  8.042932987213135 , test loss:  6.19e-03 , validation loss:  6.90e-03  ***\
epoch:  45 , unfiltered:  1.11e-02 , train loss:  3.29e-03 , consistency:  9.999998e-01 , epoch_time =  8.311176300048828 , test loss:  7.46e-03 , validation loss:  7.80e-03\
epoch:  46 , unfiltered:  1.11e-02 , train loss:  4.02e-03 , consistency:  9.999904e-01 , epoch_time =  6.5322489738464355 , test loss:  7.58e-03 , validation loss:  7.96e-03\
epoch:  47 , unfiltered:  1.11e-02 , train loss:  6.08e-03 , consistency:  9.999875e-01 , epoch_time =  8.128873109817505 , test loss:  1.49e-02 , validation loss:  1.29e-02\
epoch:  48 , unfiltered:  1.11e-02 , train loss:  6.28e-03 , consistency:  9.999977e-01 , epoch_time =  6.6024250984191895 , test loss:  6.99e-03 , validation loss:  8.12e-03\
epoch:  49 , unfiltered:  1.11e-02 , train loss:  4.45e-03 , consistency:  9.999905e-01 , epoch_time =  7.387591123580933 , test loss:  7.79e-03 , validation loss:  7.79e-03\
epoch:  50 , unfiltered:  1.11e-02 , train loss:  4.30e-03 , consistency:  9.999899e-01 , epoch_time =  8.118502855300903 , test loss:  6.27e-03 , validation loss:  6.89e-03  ***\
epoch:  51 , unfiltered:  1.11e-02 , train loss:  3.90e-03 , consistency:  9.999970e-01 , epoch_time =  6.61677360534668 , test loss:  6.49e-03 , validation loss:  6.93e-03\
epoch:  52 , unfiltered:  1.11e-02 , train loss:  3.71e-03 , consistency:  9.999970e-01 , epoch_time =  7.8749003410339355 , test loss:  6.45e-03 , validation loss:  7.00e-03\
epoch:  53 , unfiltered:  1.11e-02 , train loss:  3.56e-03 , consistency:  9.999623e-01 , epoch_time =  7.736315965652466 , test loss:  6.46e-03 , validation loss:  7.00e-03\
epoch:  54 , unfiltered:  1.11e-02 , train loss:  3.48e-03 , consistency:  1.000001e+00 , epoch_time =  6.60428261756897 , test loss:  6.57e-03 , validation loss:  7.05e-03\
epoch:  55 , unfiltered:  1.11e-02 , train loss:  3.41e-03 , consistency:  1.000012e+00 , epoch_time =  8.053977489471436 , test loss:  6.31e-03 , validation loss:  6.91e-03\
epoch:  56 , unfiltered:  1.11e-02 , train loss:  3.35e-03 , consistency:  9.999999e-01 , epoch_time =  6.815018892288208 , test loss:  6.49e-03 , validation loss:  6.98e-03\
epoch:  57 , unfiltered:  1.11e-02 , train loss:  3.28e-03 , consistency:  9.999974e-01 , epoch_time =  7.058863162994385 , test loss:  6.32e-03 , validation loss:  6.94e-03\
epoch:  58 , unfiltered:  1.11e-02 , train loss:  3.26e-03 , consistency:  9.999876e-01 , epoch_time =  8.104820251464844 , test loss:  6.41e-03 , validation loss:  6.98e-03\
epoch:  59 , unfiltered:  1.11e-02 , train loss:  3.23e-03 , consistency:  1.000038e+00 , epoch_time =  6.65829610824585 , test loss:  6.40e-03 , validation loss:  7.00e-03\
epoch:  60 , unfiltered:  1.11e-02 , train loss:  3.19e-03 , consistency:  9.999998e-01 , epoch_time =  8.239808797836304 , test loss:  6.57e-03 , validation loss:  7.09e-03\
epoch:  61 , unfiltered:  1.11e-02 , train loss:  3.19e-03 , consistency:  9.999904e-01 , epoch_time =  7.313482284545898 , test loss:  6.10e-03 , validation loss:  6.82e-03  ***\
epoch:  62 , unfiltered:  1.11e-02 , train loss:  3.18e-03 , consistency:  9.999899e-01 , epoch_time =  6.796877861022949 , test loss:  6.45e-03 , validation loss:  7.00e-03\
epoch:  63 , unfiltered:  1.11e-02 , train loss:  3.09e-03 , consistency:  9.999977e-01 , epoch_time =  8.144838571548462 , test loss:  6.21e-03 , validation loss:  6.86e-03\
epoch:  64 , unfiltered:  1.11e-02 , train loss:  3.12e-03 , consistency:  1.000012e+00 , epoch_time =  7.100711822509766 , test loss:  6.33e-03 , validation loss:  6.94e-03\
epoch:  65 , unfiltered:  1.11e-02 , train loss:  3.05e-03 , consistency:  9.999992e-01 , epoch_time =  6.980109930038452 , test loss:  6.26e-03 , validation loss:  6.91e-03\
epoch:  66 , unfiltered:  1.11e-02 , train loss:  3.03e-03 , consistency:  9.999969e-01 , epoch_time =  8.222162008285522 , test loss:  6.17e-03 , validation loss:  6.83e-03\
epoch:  67 , unfiltered:  1.11e-02 , train loss:  3.01e-03 , consistency:  1.000001e+00 , epoch_time =  6.617695093154907 , test loss:  6.40e-03 , validation loss:  7.01e-03\
epoch:  68 , unfiltered:  1.11e-02 , train loss:  3.00e-03 , consistency:  9.999970e-01 , epoch_time =  7.753173828125 , test loss:  6.32e-03 , validation loss:  6.97e-03\
epoch:  69 , unfiltered:  1.11e-02 , train loss:  3.04e-03 , consistency:  1.000003e+00 , epoch_time =  7.986841201782227 , test loss:  5.98e-03 , validation loss:  6.77e-03  ***\
epoch:  70 , unfiltered:  1.11e-02 , train loss:  3.05e-03 , consistency:  9.999993e-01 , epoch_time =  6.606348514556885 , test loss:  6.32e-03 , validation loss:  6.92e-03\
epoch:  71 , unfiltered:  1.11e-02 , train loss:  2.97e-03 , consistency:  9.999904e-01 , epoch_time =  8.317851781845093 , test loss:  6.20e-03 , validation loss:  6.91e-03\
epoch:  72 , unfiltered:  1.11e-02 , train loss:  2.97e-03 , consistency:  1.000012e+00 , epoch_time =  7.73787522315979 , test loss:  6.42e-03 , validation loss:  7.06e-03\
epoch:  73 , unfiltered:  1.11e-02 , train loss:  2.95e-03 , consistency:  1.000001e+00 , epoch_time =  6.607826471328735 , test loss:  6.01e-03 , validation loss:  6.76e-03  ***\
epoch:  74 , unfiltered:  1.11e-02 , train loss:  2.92e-03 , consistency:  1.000010e+00 , epoch_time =  8.111221313476562 , test loss:  6.31e-03 , validation loss:  6.97e-03\
epoch:  75 , unfiltered:  1.11e-02 , train loss:  2.89e-03 , consistency:  9.999875e-01 , epoch_time =  7.279930830001831 , test loss:  6.07e-03 , validation loss:  6.82e-03\
epoch:  76 , unfiltered:  1.11e-02 , train loss:  2.92e-03 , consistency:  9.999969e-01 , epoch_time =  6.558800220489502 , test loss:  6.41e-03 , validation loss:  7.06e-03\
epoch:  77 , unfiltered:  1.11e-02 , train loss:  2.96e-03 , consistency:  1.000012e+00 , epoch_time =  8.176222801208496 , test loss:  6.20e-03 , validation loss:  6.92e-03\
epoch:  78 , unfiltered:  1.11e-02 , train loss:  2.90e-03 , consistency:  9.999974e-01 , epoch_time =  6.531765699386597 , test loss:  6.01e-03 , validation loss:  6.84e-03\
epoch:  79 , unfiltered:  1.11e-02 , train loss:  2.90e-03 , consistency:  9.999904e-01 , epoch_time =  7.467720031738281 , test loss:  6.11e-03 , validation loss:  6.81e-03\
epoch:  80 , unfiltered:  1.11e-02 , train loss:  2.87e-03 , consistency:  9.999899e-01 , epoch_time =  8.180067539215088 , test loss:  6.21e-03 , validation loss:  6.90e-03\
epoch:  81 , unfiltered:  1.11e-02 , train loss:  2.89e-03 , consistency:  9.999976e-01 , epoch_time =  6.573054790496826 , test loss:  5.99e-03 , validation loss:  6.79e-03\
epoch:  82 , unfiltered:  1.11e-02 , train loss:  2.88e-03 , consistency:  1.000002e+00 , epoch_time =  8.175007581710815 , test loss:  6.15e-03 , validation loss:  6.84e-03\
epoch:  83 , unfiltered:  1.11e-02 , train loss:  2.82e-03 , consistency:  1.000010e+00 , epoch_time =  7.127212047576904 , test loss:  6.21e-03 , validation loss:  6.91e-03\
epoch:  84 , unfiltered:  1.11e-02 , train loss:  2.83e-03 , consistency:  1.000010e+00 , epoch_time =  6.9310572147369385 , test loss:  6.05e-03 , validation loss:  6.83e-03\
epoch:  85 , unfiltered:  1.11e-02 , train loss:  2.84e-03 , consistency:  9.999969e-01 , epoch_time =  8.144582271575928 , test loss:  6.22e-03 , validation loss:  6.89e-03\
epoch:  86 , unfiltered:  1.11e-02 , train loss:  2.81e-03 , consistency:  1.000003e+00 , epoch_time =  6.585123538970947 , test loss:  6.35e-03 , validation loss:  7.06e-03\
epoch:  87 , unfiltered:  1.11e-02 , train loss:  2.89e-03 , consistency:  1.000003e+00 , epoch_time =  8.003647327423096 , test loss:  6.12e-03 , validation loss:  6.93e-03\
epoch:  88 , unfiltered:  1.11e-02 , train loss:  2.80e-03 , consistency:  9.999875e-01 , epoch_time =  8.687988519668579 , test loss:  6.10e-03 , validation loss:  6.81e-03\
epoch:  89 , unfiltered:  1.11e-02 , train loss:  2.80e-03 , consistency:  9.999875e-01 , epoch_time =  6.5799195766448975 , test loss:  6.22e-03 , validation loss:  6.97e-03\
epoch:  90 , unfiltered:  1.11e-02 , train loss:  2.84e-03 , consistency:  1.000003e+00 , epoch_time =  8.135611057281494 , test loss:  6.19e-03 , validation loss:  6.86e-03\
epoch:  91 , unfiltered:  1.11e-02 , train loss:  2.84e-03 , consistency:  1.000002e+00 , epoch_time =  6.87666654586792 , test loss:  5.89e-03 , validation loss:  6.73e-03  ***\
epoch:  92 , unfiltered:  1.11e-02 , train loss:  2.81e-03 , consistency:  1.000010e+00 , epoch_time =  6.777773380279541 , test loss:  6.41e-03 , validation loss:  7.00e-03\
epoch:  93 , unfiltered:  1.11e-02 , train loss:  2.84e-03 , consistency:  9.999876e-01 , epoch_time =  8.265637159347534 , test loss:  6.15e-03 , validation loss:  6.90e-03\
epoch:  94 , unfiltered:  1.11e-02 , train loss:  2.77e-03 , consistency:  1.000010e+00 , epoch_time =  6.645961761474609 , test loss:  6.03e-03 , validation loss:  6.80e-03\
epoch:  95 , unfiltered:  1.11e-02 , train loss:  2.80e-03 , consistency:  1.000003e+00 , epoch_time =  7.415377140045166 , test loss:  5.80e-03 , validation loss:  6.68e-03  ***\
epoch:  96 , unfiltered:  1.11e-02 , train loss:  2.77e-03 , consistency:  9.999992e-01 , epoch_time =  8.120279550552368 , test loss:  6.41e-03 , validation loss:  7.06e-03\
epoch:  97 , unfiltered:  1.11e-02 , train loss:  2.74e-03 , consistency:  9.999976e-01 , epoch_time =  6.672515630722046 , test loss:  6.06e-03 , validation loss:  6.80e-03\
epoch:  98 , unfiltered:  1.11e-02 , train loss:  2.73e-03 , consistency:  9.999974e-01 , epoch_time =  7.6971435546875 , test loss:  5.83e-03 , validation loss:  6.66e-03  ***\
epoch:  99 , unfiltered:  1.11e-02 , train loss:  2.77e-03 , consistency:  9.999881e-01 , epoch_time =  9.140170574188232 , test loss:  6.10e-03 , validation loss:  6.87e-03\
epoch:  100 , unfiltered:  1.11e-02 , train loss:  2.69e-03 , consistency:  1.000009e+00 , epoch_time =  8.017338037490845 , test loss:  6.09e-03 , validation loss:  6.88e-03\
epoch:  101 , unfiltered:  1.11e-02 , train loss:  2.73e-03 , consistency:  1.000009e+00 , epoch_time =  6.936251163482666 , test loss:  6.12e-03 , validation loss:  6.85e-03\
epoch:  102 , unfiltered:  1.11e-02 , train loss:  2.71e-03 , consistency:  9.999876e-01 , epoch_time =  8.196483612060547 , test loss:  6.29e-03 , validation loss:  6.91e-03\
epoch:  103 , unfiltered:  1.11e-02 , train loss:  2.69e-03 , consistency:  9.999905e-01 , epoch_time =  6.578903675079346 , test loss:  6.33e-03 , validation loss:  6.94e-03\
epoch:  104 , unfiltered:  1.11e-02 , train loss:  2.78e-03 , consistency:  9.999999e-01 , epoch_time =  8.07172179222107 , test loss:  5.89e-03 , validation loss:  6.75e-03\
epoch:  105 , unfiltered:  1.11e-02 , train loss:  2.77e-03 , consistency:  1.000000e+00 , epoch_time =  7.638952732086182 , test loss:  6.51e-03 , validation loss:  7.14e-03\
epoch:  106 , unfiltered:  1.11e-02 , train loss:  2.75e-03 , consistency:  1.000010e+00 , epoch_time =  6.607861042022705 , test loss:  6.23e-03 , validation loss:  7.07e-03\
epoch:  107 , unfiltered:  1.11e-02 , train loss:  2.71e-03 , consistency:  9.999881e-01 , epoch_time =  8.19105339050293 , test loss:  5.77e-03 , validation loss:  6.57e-03  ***\
epoch:  108 , unfiltered:  1.11e-02 , train loss:  2.73e-03 , consistency:  9.999876e-01 , epoch_time =  7.247824668884277 , test loss:  6.62e-03 , validation loss:  7.13e-03\
epoch:  109 , unfiltered:  1.11e-02 , train loss:  2.72e-03 , consistency:  1.000010e+00 , epoch_time =  6.760867118835449 , test loss:  5.80e-03 , validation loss:  6.67e-03\
epoch:  110 , unfiltered:  1.11e-02 , train loss:  2.73e-03 , consistency:  9.999899e-01 , epoch_time =  8.12602972984314 , test loss:  6.45e-03 , validation loss:  7.14e-03\
epoch:  111 , unfiltered:  1.11e-02 , train loss:  2.79e-03 , consistency:  9.999970e-01 , epoch_time =  6.597868204116821 , test loss:  6.44e-03 , validation loss:  7.23e-03\
epoch:  112 , unfiltered:  1.11e-02 , train loss:  2.81e-03 , consistency:  1.000038e+00 , epoch_time =  8.532947540283203 , test loss:  5.73e-03 , validation loss:  6.65e-03\
epoch:  113 , unfiltered:  1.11e-02 , train loss:  2.81e-03 , consistency:  9.999992e-01 , epoch_time =  8.171379327774048 , test loss:  6.51e-03 , validation loss:  7.06e-03\
epoch:  114 , unfiltered:  1.11e-02 , train loss:  2.80e-03 , consistency:  9.999998e-01 , epoch_time =  6.610090970993042 , test loss:  6.30e-03 , validation loss:  7.19e-03\
epoch:  115 , unfiltered:  1.11e-02 , train loss:  2.78e-03 , consistency:  1.000012e+00 , epoch_time =  8.141119480133057 , test loss:  6.12e-03 , validation loss:  6.80e-03\
epoch:  116 , unfiltered:  1.11e-02 , train loss:  2.74e-03 , consistency:  1.000010e+00 , epoch_time =  7.00335693359375 , test loss:  5.99e-03 , validation loss:  6.67e-03\
epoch:  117 , unfiltered:  1.11e-02 , train loss:  2.66e-03 , consistency:  9.999899e-01 , epoch_time =  7.029162168502808 , test loss:  6.18e-03 , validation loss:  6.85e-03\
epoch:  118 , unfiltered:  1.11e-02 , train loss:  2.64e-03 , consistency:  1.000012e+00 , epoch_time =  8.25242018699646 , test loss:  5.92e-03 , validation loss:  6.74e-03\
epoch:  119 , unfiltered:  1.11e-02 , train loss:  2.62e-03 , consistency:  9.999998e-01 , epoch_time =  6.638081312179565 , test loss:  5.98e-03 , validation loss:  6.70e-03\
epoch:  120 , unfiltered:  1.11e-02 , train loss:  2.58e-03 , consistency:  9.999904e-01 , epoch_time =  8.000243186950684 , test loss:  6.16e-03 , validation loss:  6.84e-03\
epoch:  121 , unfiltered:  1.11e-02 , train loss:  2.59e-03 , consistency:  9.999993e-01 , epoch_time =  7.634955883026123 , test loss:  5.72e-03 , validation loss:  6.55e-03  ***\
epoch:  122 , unfiltered:  1.11e-02 , train loss:  2.57e-03 , consistency:  9.999992e-01 , epoch_time =  6.615206241607666 , test loss:  6.48e-03 , validation loss:  7.12e-03\
epoch:  123 , unfiltered:  1.11e-02 , train loss:  2.56e-03 , consistency:  1.000013e+00 , epoch_time =  8.209024667739868 , test loss:  5.92e-03 , validation loss:  6.73e-03\
epoch:  124 , unfiltered:  1.11e-02 , train loss:  2.54e-03 , consistency:  9.999882e-01 , epoch_time =  7.287334680557251 , test loss:  6.11e-03 , validation loss:  6.80e-03\
epoch:  125 , unfiltered:  1.11e-02 , train loss:  2.57e-03 , consistency:  9.999969e-01 , epoch_time =  6.835041284561157 , test loss:  5.96e-03 , validation loss:  6.69e-03\
epoch:  126 , unfiltered:  1.11e-02 , train loss:  2.55e-03 , consistency:  1.000038e+00 , epoch_time =  8.22835659980774 , test loss:  5.94e-03 , validation loss:  6.70e-03\
epoch:  127 , unfiltered:  1.11e-02 , train loss:  2.59e-03 , consistency:  9.999969e-01 , epoch_time =  7.492860794067383 , test loss:  6.19e-03 , validation loss:  6.86e-03\
epoch:  128 , unfiltered:  1.11e-02 , train loss:  2.62e-03 , consistency:  9.999904e-01 , epoch_time =  7.377808570861816 , test loss:  6.09e-03 , validation loss:  6.80e-03\
epoch:  129 , unfiltered:  1.11e-02 , train loss:  2.59e-03 , consistency:  1.000003e+00 , epoch_time =  8.129738330841064 , test loss:  5.78e-03 , validation loss:  6.64e-03\
epoch:  130 , unfiltered:  1.11e-02 , train loss:  2.59e-03 , consistency:  1.000003e+00 , epoch_time =  6.577195167541504 , test loss:  6.25e-03 , validation loss:  6.86e-03\
epoch:  131 , unfiltered:  1.11e-02 , train loss:  2.57e-03 , consistency:  9.999969e-01 , epoch_time =  8.191811800003052 , test loss:  6.29e-03 , validation loss:  7.03e-03\
epoch:  132 , unfiltered:  1.11e-02 , train loss:  2.67e-03 , consistency:  9.999906e-01 , epoch_time =  7.3001391887664795 , test loss:  5.79e-03 , validation loss:  6.80e-03\
epoch:  133 , unfiltered:  1.11e-02 , train loss:  2.63e-03 , consistency:  1.000003e+00 , epoch_time =  6.829967021942139 , test loss:  5.99e-03 , validation loss:  6.78e-03\
epoch:  134 , unfiltered:  1.11e-02 , train loss:  2.53e-03 , consistency:  9.999904e-01 , epoch_time =  8.176984548568726 , test loss:  6.69e-03 , validation loss:  7.17e-03\
epoch:  135 , unfiltered:  1.11e-02 , train loss:  2.61e-03 , consistency:  1.000000e+00 , epoch_time =  6.634346961975098 , test loss:  5.62e-03 , validation loss:  6.64e-03\
epoch:  136 , unfiltered:  1.11e-02 , train loss:  2.65e-03 , consistency:  1.000010e+00 , epoch_time =  7.9157373905181885 , test loss:  5.82e-03 , validation loss:  6.59e-03\
epoch:  137 , unfiltered:  1.11e-02 , train loss:  2.54e-03 , consistency:  1.000010e+00 , epoch_time =  7.76588773727417 , test loss:  6.52e-03 , validation loss:  7.07e-03\
epoch:  138 , unfiltered:  1.11e-02 , train loss:  2.51e-03 , consistency:  1.000010e+00 , epoch_time =  6.5619471073150635 , test loss:  5.75e-03 , validation loss:  6.59e-03\
epoch:  139 , unfiltered:  1.11e-02 , train loss:  2.49e-03 , consistency:  1.000003e+00 , epoch_time =  8.269551277160645 , test loss:  5.97e-03 , validation loss:  6.75e-03\
epoch:  140 , unfiltered:  1.11e-02 , train loss:  2.52e-03 , consistency:  1.000000e+00 , epoch_time =  6.707513332366943 , test loss:  5.75e-03 , validation loss:  6.56e-03\
epoch:  141 , unfiltered:  1.11e-02 , train loss:  2.48e-03 , consistency:  9.999970e-01 , epoch_time =  7.435141563415527 , test loss:  6.55e-03 , validation loss:  7.07e-03\
epoch:  142 , unfiltered:  1.11e-02 , train loss:  2.50e-03 , consistency:  9.999905e-01 , epoch_time =  8.11551833152771 , test loss:  5.96e-03 , validation loss:  6.67e-03\
epoch:  143 , unfiltered:  1.11e-02 , train loss:  2.46e-03 , consistency:  1.000002e+00 , epoch_time =  6.612534999847412 , test loss:  6.00e-03 , validation loss:  6.74e-03\
epoch:  144 , unfiltered:  1.11e-02 , train loss:  2.44e-03 , consistency:  9.999875e-01 , epoch_time =  8.267812967300415 , test loss:  5.96e-03 , validation loss:  6.76e-03\
epoch:  145 , unfiltered:  1.11e-02 , train loss:  2.43e-03 , consistency:  1.000001e+00 , epoch_time =  7.378122091293335 , test loss:  6.05e-03 , validation loss:  6.76e-03\
epoch:  146 , unfiltered:  1.11e-02 , train loss:  2.43e-03 , consistency:  1.000012e+00 , epoch_time =  6.63853645324707 , test loss:  6.12e-03 , validation loss:  6.80e-03\
epoch:  147 , unfiltered:  1.11e-02 , train loss:  2.44e-03 , consistency:  9.999998e-01 , epoch_time =  8.1425142288208 , test loss:  5.71e-03 , validation loss:  6.56e-03\
epoch:  148 , unfiltered:  1.11e-02 , train loss:  2.46e-03 , consistency:  1.000003e+00 , epoch_time =  6.853200912475586 , test loss:  6.43e-03 , validation loss:  7.04e-03\
epoch:  149 , unfiltered:  1.11e-02 , train loss:  2.44e-03 , consistency:  9.999881e-01 , epoch_time =  7.210325717926025 , test loss:  5.88e-03 , validation loss:  6.68e-03\
epoch:  150 , unfiltered:  1.11e-02 , train loss:  2.42e-03 , consistency:  1.000001e+00 , epoch_time =  8.11346173286438 , test loss:  5.89e-03 , validation loss:  6.66e-03\
epoch:  151 , unfiltered:  1.11e-02 , train loss:  2.43e-03 , consistency:  1.000001e+00 , epoch_time =  6.63660740852356 , test loss:  5.99e-03 , validation loss:  6.72e-03\
epoch:  152 , unfiltered:  1.11e-02 , train loss:  2.40e-03 , consistency:  9.999969e-01 , epoch_time =  8.232426881790161 , test loss:  6.13e-03 , validation loss:  6.86e-03\
epoch:  153 , unfiltered:  1.11e-02 , train loss:  2.39e-03 , consistency:  9.999992e-01 , epoch_time =  7.459456443786621 , test loss:  6.01e-03 , validation loss:  6.67e-03\
epoch:  154 , unfiltered:  1.11e-02 , train loss:  2.38e-03 , consistency:  9.999905e-01 , epoch_time =  6.643081188201904 , test loss:  5.76e-03 , validation loss:  6.62e-03\
epoch:  155 , unfiltered:  1.11e-02 , train loss:  2.41e-03 , consistency:  9.999899e-01 , epoch_time =  8.109516859054565 , test loss:  6.78e-03 , validation loss:  7.32e-03\
epoch:  156 , unfiltered:  1.11e-02 , train loss:  2.48e-03 , consistency:  9.999876e-01 , epoch_time =  6.586765766143799 , test loss:  6.14e-03 , validation loss:  6.77e-03\
epoch:  157 , unfiltered:  1.11e-02 , train loss:  2.41e-03 , consistency:  1.000010e+00 , epoch_time =  7.658217668533325 , test loss:  6.09e-03 , validation loss:  6.85e-03\
epoch:  158 , unfiltered:  1.11e-02 , train loss:  2.37e-03 , consistency:  1.000038e+00 , epoch_time =  8.24682879447937 , test loss:  5.81e-03 , validation loss:  6.62e-03\
epoch:  159 , unfiltered:  1.11e-02 , train loss:  2.36e-03 , consistency:  9.999625e-01 , epoch_time =  6.702284574508667 , test loss:  6.12e-03 , validation loss:  6.80e-03\
epoch:  160 , unfiltered:  1.11e-02 , train loss:  2.33e-03 , consistency:  1.000001e+00 , epoch_time =  8.20835256576538 , test loss:  6.09e-03 , validation loss:  6.80e-03\
epoch:  161 , unfiltered:  1.11e-02 , train loss:  2.41e-03 , consistency:  1.000000e+00 , epoch_time =  8.807371377944946 , test loss:  6.87e-03 , validation loss:  7.40e-03\
epoch:  162 , unfiltered:  1.11e-02 , train loss:  2.40e-03 , consistency:  1.000012e+00 , epoch_time =  6.668797016143799 , test loss:  6.10e-03 , validation loss:  6.73e-03\
epoch:  163 , unfiltered:  1.11e-02 , train loss:  2.33e-03 , consistency:  1.000038e+00 , epoch_time =  8.207728862762451 , test loss:  6.14e-03 , validation loss:  6.86e-03\
epoch:  164 , unfiltered:  1.11e-02 , train loss:  2.38e-03 , consistency:  9.999993e-01 , epoch_time =  6.8369176387786865 , test loss:  5.87e-03 , validation loss:  6.60e-03\
epoch:  165 , unfiltered:  1.11e-02 , train loss:  2.34e-03 , consistency:  9.999904e-01 , epoch_time =  7.305966377258301 , test loss:  6.62e-03 , validation loss:  7.16e-03\
epoch:  166 , unfiltered:  1.11e-02 , train loss:  2.30e-03 , consistency:  1.000010e+00 , epoch_time =  8.302830696105957 , test loss:  6.00e-03 , validation loss:  6.72e-03\
epoch:  167 , unfiltered:  1.11e-02 , train loss:  2.30e-03 , consistency:  9.999992e-01 , epoch_time =  6.671780824661255 , test loss:  6.09e-03 , validation loss:  6.72e-03\
epoch:  168 , unfiltered:  1.11e-02 , train loss:  2.29e-03 , consistency:  9.999969e-01 , epoch_time =  8.096903800964355 , test loss:  5.78e-03 , validation loss:  6.62e-03\
epoch:  169 , unfiltered:  1.11e-02 , train loss:  2.31e-03 , consistency:  9.999998e-01 , epoch_time =  7.628263711929321 , test loss:  6.09e-03 , validation loss:  6.71e-03\
epoch:  170 , unfiltered:  1.11e-02 , train loss:  2.32e-03 , consistency:  9.999623e-01 , epoch_time =  6.650814771652222 , test loss:  5.96e-03 , validation loss:  6.81e-03\
epoch:  171 , unfiltered:  1.11e-02 , train loss:  2.33e-03 , consistency:  9.999625e-01 , epoch_time =  8.246451139450073 , test loss:  6.09e-03 , validation loss:  6.75e-03\
epoch:  172 , unfiltered:  1.11e-02 , train loss:  2.35e-03 , consistency:  1.000010e+00 , epoch_time =  6.704298734664917 , test loss:  5.76e-03 , validation loss:  6.48e-03  ***\
epoch:  173 , unfiltered:  1.11e-02 , train loss:  2.43e-03 , consistency:  1.000009e+00 , epoch_time =  6.705429315567017 , test loss:  7.52e-03 , validation loss:  7.89e-03\
epoch:  174 , unfiltered:  1.11e-02 , train loss:  2.71e-03 , consistency:  1.000010e+00 , epoch_time =  8.177175045013428 , test loss:  5.37e-03 , validation loss:  6.33e-03  ***\
epoch:  175 , unfiltered:  1.11e-02 , train loss:  2.53e-03 , consistency:  1.000009e+00 , epoch_time =  7.097637891769409 , test loss:  5.70e-03 , validation loss:  6.36e-03\
epoch:  176 , unfiltered:  1.11e-02 , train loss:  2.38e-03 , consistency:  1.000038e+00 , epoch_time =  6.864748001098633 , test loss:  6.06e-03 , validation loss:  6.81e-03\
epoch:  177 , unfiltered:  1.11e-02 , train loss:  2.39e-03 , consistency:  9.999970e-01 , epoch_time =  8.191372394561768 , test loss:  6.19e-03 , validation loss:  6.76e-03\
epoch:  178 , unfiltered:  1.11e-02 , train loss:  2.32e-03 , consistency:  9.999993e-01 , epoch_time =  7.6539130210876465 , test loss:  5.90e-03 , validation loss:  6.81e-03\
epoch:  179 , unfiltered:  1.11e-02 , train loss:  2.29e-03 , consistency:  1.000002e+00 , epoch_time =  7.478933095932007 , test loss:  6.08e-03 , validation loss:  6.69e-03\
epoch:  180 , unfiltered:  1.11e-02 , train loss:  2.27e-03 , consistency:  1.000001e+00 , epoch_time =  8.081202983856201 , test loss:  5.93e-03 , validation loss:  6.57e-03\
epoch:  181 , unfiltered:  1.11e-02 , train loss:  2.27e-03 , consistency:  1.000012e+00 , epoch_time =  6.621331691741943 , test loss:  5.90e-03 , validation loss:  6.57e-03\
epoch:  182 , unfiltered:  1.11e-02 , train loss:  2.32e-03 , consistency:  9.999881e-01 , epoch_time =  8.147862195968628 , test loss:  6.73e-03 , validation loss:  7.22e-03\
epoch:  183 , unfiltered:  1.11e-02 , train loss:  2.32e-03 , consistency:  9.999899e-01 , epoch_time =  7.03520393371582 , test loss:  6.02e-03 , validation loss:  6.68e-03\
epoch:  184 , unfiltered:  1.11e-02 , train loss:  2.21e-03 , consistency:  9.999875e-01 , epoch_time =  6.897143363952637 , test loss:  6.42e-03 , validation loss:  6.99e-03\
epoch:  185 , unfiltered:  1.11e-02 , train loss:  2.24e-03 , consistency:  1.000012e+00 , epoch_time =  8.215079069137573 , test loss:  6.29e-03 , validation loss:  6.82e-03\
epoch:  186 , unfiltered:  1.11e-02 , train loss:  2.22e-03 , consistency:  9.999877e-01 , epoch_time =  6.610087871551514 , test loss:  6.26e-03 , validation loss:  6.90e-03\
epoch:  187 , unfiltered:  1.11e-02 , train loss:  2.21e-03 , consistency:  1.000013e+00 , epoch_time =  7.972085475921631 , test loss:  5.77e-03 , validation loss:  6.48e-03\
epoch:  188 , unfiltered:  1.11e-02 , train loss:  2.21e-03 , consistency:  1.000003e+00 , epoch_time =  7.596675634384155 , test loss:  6.00e-03 , validation loss:  6.63e-03\
epoch:  189 , unfiltered:  1.11e-02 , train loss:  2.21e-03 , consistency:  9.999969e-01 , epoch_time =  6.615487337112427 , test loss:  6.36e-03 , validation loss:  6.87e-03\
epoch:  190 , unfiltered:  1.11e-02 , train loss:  2.19e-03 , consistency:  1.000000e+00 , epoch_time =  8.110661268234253 , test loss:  6.41e-03 , validation loss:  6.86e-03\
epoch:  191 , unfiltered:  1.11e-02 , train loss:  2.23e-03 , consistency:  9.999992e-01 , epoch_time =  6.667800426483154 , test loss:  5.74e-03 , validation loss:  6.50e-03\
epoch:  192 , unfiltered:  1.11e-02 , train loss:  2.24e-03 , consistency:  1.000010e+00 , epoch_time =  7.600653648376465 , test loss:  5.75e-03 , validation loss:  6.46e-03\
epoch:  193 , unfiltered:  1.11e-02 , train loss:  2.16e-03 , consistency:  9.999974e-01 , epoch_time =  8.19645881652832 , test loss:  6.14e-03 , validation loss:  6.74e-03\
epoch:  194 , unfiltered:  1.11e-02 , train loss:  2.15e-03 , consistency:  9.999905e-01 , epoch_time =  6.582298755645752 , test loss:  6.02e-03 , validation loss:  6.64e-03\
epoch:  195 , unfiltered:  1.11e-02 , train loss:  2.14e-03 , consistency:  1.000038e+00 , epoch_time =  8.188780546188354 , test loss:  5.78e-03 , validation loss:  6.43e-03\
epoch:  196 , unfiltered:  1.11e-02 , train loss:  2.15e-03 , consistency:  1.000010e+00 , epoch_time =  7.17159104347229 , test loss:  5.45e-03 , validation loss:  6.28e-03  ***\
epoch:  197 , unfiltered:  1.11e-02 , train loss:  2.16e-03 , consistency:  1.000012e+00 , epoch_time =  6.624488830566406 , test loss:  5.97e-03 , validation loss:  6.61e-03\
epoch:  198 , unfiltered:  1.11e-02 , train loss:  2.12e-03 , consistency:  9.999875e-01 , epoch_time =  9.227891683578491 , test loss:  6.13e-03 , validation loss:  6.68e-03\
epoch:  199 , unfiltered:  1.11e-02 , train loss:  2.10e-03 , consistency:  1.000038e+00 , epoch_time =  7.517884016036987 , test loss:  5.91e-03 , validation loss:  6.56e-03\
epoch:  200 , unfiltered:  1.11e-02 , train loss:  2.15e-03 , consistency:  1.000009e+00 , epoch_time =  6.616992473602295 , test loss:  5.47e-03 , validation loss:  6.23e-03  ***\
epoch:  201 , unfiltered:  1.11e-02 , train loss:  2.16e-03 , consistency:  1.000001e+00 , epoch_time =  8.175633430480957 , test loss:  5.87e-03 , validation loss:  6.70e-03\
epoch:  202 , unfiltered:  1.11e-02 , train loss:  2.18e-03 , consistency:  9.999998e-01 , epoch_time =  7.203465223312378 , test loss:  5.90e-03 , validation loss:  6.50e-03\
epoch:  203 , unfiltered:  1.11e-02 , train loss:  2.13e-03 , consistency:  1.000001e+00 , epoch_time =  6.722398281097412 , test loss:  5.89e-03 , validation loss:  6.44e-03\
epoch:  204 , unfiltered:  1.11e-02 , train loss:  2.07e-03 , consistency:  9.999876e-01 , epoch_time =  8.162501811981201 , test loss:  6.45e-03 , validation loss:  7.00e-03\
epoch:  205 , unfiltered:  1.11e-02 , train loss:  2.06e-03 , consistency:  9.999998e-01 , epoch_time =  6.656695127487183 , test loss:  5.96e-03 , validation loss:  6.60e-03\
epoch:  206 , unfiltered:  1.11e-02 , train loss:  2.06e-03 , consistency:  1.000001e+00 , epoch_time =  7.803117275238037 , test loss:  5.84e-03 , validation loss:  6.50e-03\
epoch:  207 , unfiltered:  1.11e-02 , train loss:  2.14e-03 , consistency:  1.000001e+00 , epoch_time =  7.822213172912598 , test loss:  5.87e-03 , validation loss:  6.57e-03\
epoch:  208 , unfiltered:  1.11e-02 , train loss:  2.15e-03 , consistency:  9.999882e-01 , epoch_time =  6.6030755043029785 , test loss:  6.10e-03 , validation loss:  6.64e-03\
epoch:  209 , unfiltered:  1.11e-02 , train loss:  2.14e-03 , consistency:  1.000010e+00 , epoch_time =  8.148693084716797 , test loss:  5.88e-03 , validation loss:  6.52e-03\
epoch:  210 , unfiltered:  1.11e-02 , train loss:  2.04e-03 , consistency:  9.999970e-01 , epoch_time =  6.700146198272705 , test loss:  5.64e-03 , validation loss:  6.41e-03\
epoch:  211 , unfiltered:  1.11e-02 , train loss:  2.02e-03 , consistency:  9.999883e-01 , epoch_time =  7.327875137329102 , test loss:  5.99e-03 , validation loss:  6.61e-03\
epoch:  212 , unfiltered:  1.11e-02 , train loss:  2.00e-03 , consistency:  1.000009e+00 , epoch_time =  8.145390748977661 , test loss:  5.74e-03 , validation loss:  6.45e-03\
epoch:  213 , unfiltered:  1.11e-02 , train loss:  2.02e-03 , consistency:  1.000038e+00 , epoch_time =  6.671627759933472 , test loss:  5.93e-03 , validation loss:  6.52e-03\
epoch:  214 , unfiltered:  1.11e-02 , train loss:  1.97e-03 , consistency:  9.999899e-01 , epoch_time =  8.192943334579468 , test loss:  6.25e-03 , validation loss:  6.75e-03\
epoch:  215 , unfiltered:  1.11e-02 , train loss:  1.95e-03 , consistency:  9.999881e-01 , epoch_time =  7.469987630844116 , test loss:  6.10e-03 , validation loss:  6.65e-03\
epoch:  216 , unfiltered:  1.11e-02 , train loss:  1.99e-03 , consistency:  1.000009e+00 , epoch_time =  6.560862302780151 , test loss:  5.93e-03 , validation loss:  6.54e-03\
epoch:  217 , unfiltered:  1.11e-02 , train loss:  1.94e-03 , consistency:  9.999974e-01 , epoch_time =  8.144892692565918 , test loss:  6.47e-03 , validation loss:  6.90e-03\
epoch:  218 , unfiltered:  1.11e-02 , train loss:  1.91e-03 , consistency:  1.000000e+00 , epoch_time =  6.647597551345825 , test loss:  5.51e-03 , validation loss:  6.30e-03\
epoch:  219 , unfiltered:  1.11e-02 , train loss:  1.96e-03 , consistency:  1.000002e+00 , epoch_time =  8.769610404968262 , test loss:  5.68e-03 , validation loss:  6.44e-03\
epoch:  220 , unfiltered:  1.11e-02 , train loss:  1.92e-03 , consistency:  1.000010e+00 , epoch_time =  8.150070428848267 , test loss:  6.08e-03 , validation loss:  6.63e-03\
epoch:  221 , unfiltered:  1.11e-02 , train loss:  1.88e-03 , consistency:  1.000010e+00 , epoch_time =  6.648759841918945 , test loss:  5.94e-03 , validation loss:  6.52e-03\
epoch:  222 , unfiltered:  1.11e-02 , train loss:  1.93e-03 , consistency:  9.999877e-01 , epoch_time =  7.969738960266113 , test loss:  6.42e-03 , validation loss:  6.91e-03\
epoch:  223 , unfiltered:  1.11e-02 , train loss:  1.91e-03 , consistency:  1.000003e+00 , epoch_time =  7.613637924194336 , test loss:  5.76e-03 , validation loss:  6.37e-03\
epoch:  224 , unfiltered:  1.11e-02 , train loss:  1.96e-03 , consistency:  1.000000e+00 , epoch_time =  6.5893332958221436 , test loss:  5.27e-03 , validation loss:  6.19e-03  ***\
epoch:  225 , unfiltered:  1.11e-02 , train loss:  1.99e-03 , consistency:  1.000001e+00 , epoch_time =  8.284213542938232 , test loss:  5.92e-03 , validation loss:  6.46e-03\
epoch:  226 , unfiltered:  1.11e-02 , train loss:  1.89e-03 , consistency:  9.999899e-01 , epoch_time =  7.307923316955566 , test loss:  6.22e-03 , validation loss:  6.72e-03\
epoch:  227 , unfiltered:  1.11e-02 , train loss:  1.93e-03 , consistency:  9.999998e-01 , epoch_time =  6.684642553329468 , test loss:  5.80e-03 , validation loss:  6.49e-03\
epoch:  228 , unfiltered:  1.11e-02 , train loss:  2.04e-03 , consistency:  1.000003e+00 , epoch_time =  8.172846794128418 , test loss:  5.99e-03 , validation loss:  6.59e-03\
epoch:  229 , unfiltered:  1.11e-02 , train loss:  1.97e-03 , consistency:  9.999974e-01 , epoch_time =  6.643728494644165 , test loss:  5.07e-03 , validation loss:  6.02e-03  ***\
epoch:  230 , unfiltered:  1.11e-02 , train loss:  1.89e-03 , consistency:  1.000038e+00 , epoch_time =  6.942731618881226 , test loss:  5.63e-03 , validation loss:  6.24e-03\
epoch:  231 , unfiltered:  1.11e-02 , train loss:  1.90e-03 , consistency:  9.999977e-01 , epoch_time =  8.226105690002441 , test loss:  5.84e-03 , validation loss:  6.40e-03\
epoch:  232 , unfiltered:  1.11e-02 , train loss:  1.79e-03 , consistency:  1.000003e+00 , epoch_time =  6.601470947265625 , test loss:  6.18e-03 , validation loss:  6.69e-03\
epoch:  233 , unfiltered:  1.11e-02 , train loss:  1.85e-03 , consistency:  9.999999e-01 , epoch_time =  8.079450130462646 , test loss:  7.12e-03 , validation loss:  7.30e-03\
epoch:  234 , unfiltered:  1.11e-02 , train loss:  2.10e-03 , consistency:  1.000003e+00 , epoch_time =  7.548520088195801 , test loss:  6.79e-03 , validation loss:  7.27e-03\
epoch:  235 , unfiltered:  1.11e-02 , train loss:  2.00e-03 , consistency:  1.000012e+00 , epoch_time =  6.564688682556152 , test loss:  5.99e-03 , validation loss:  6.47e-03\
epoch:  236 , unfiltered:  1.11e-02 , train loss:  1.84e-03 , consistency:  1.000010e+00 , epoch_time =  8.162418365478516 , test loss:  5.49e-03 , validation loss:  6.06e-03\
epoch:  237 , unfiltered:  1.11e-02 , train loss:  1.96e-03 , consistency:  9.999992e-01 , epoch_time =  6.58881139755249 , test loss:  6.12e-03 , validation loss:  6.59e-03\
epoch:  238 , unfiltered:  1.11e-02 , train loss:  1.92e-03 , consistency:  1.000003e+00 , epoch_time =  7.598640203475952 , test loss:  5.75e-03 , validation loss:  6.28e-03\
epoch:  239 , unfiltered:  1.11e-02 , train loss:  1.89e-03 , consistency:  9.999998e-01 , epoch_time =  8.194515705108643 , test loss:  5.88e-03 , validation loss:  6.49e-03\
epoch:  240 , unfiltered:  1.11e-02 , train loss:  1.80e-03 , consistency:  1.000010e+00 , epoch_time =  6.648112058639526 , test loss:  5.39e-03 , validation loss:  6.01e-03  ***\
epoch:  241 , unfiltered:  1.11e-02 , train loss:  1.83e-03 , consistency:  9.999899e-01 , epoch_time =  7.379595756530762 , test loss:  5.47e-03 , validation loss:  6.23e-03\
epoch:  242 , unfiltered:  1.11e-02 , train loss:  1.96e-03 , consistency:  1.000001e+00 , epoch_time =  8.103703022003174 , test loss:  5.87e-03 , validation loss:  6.33e-03\
epoch:  243 , unfiltered:  1.11e-02 , train loss:  1.86e-03 , consistency:  1.000038e+00 , epoch_time =  6.614023923873901 , test loss:  6.04e-03 , validation loss:  6.51e-03\
epoch:  244 , unfiltered:  1.11e-02 , train loss:  1.74e-03 , consistency:  1.000003e+00 , epoch_time =  8.209749937057495 , test loss:  6.02e-03 , validation loss:  6.45e-03\
epoch:  245 , unfiltered:  1.11e-02 , train loss:  1.70e-03 , consistency:  1.000012e+00 , epoch_time =  7.480011224746704 , test loss:  5.50e-03 , validation loss:  6.06e-03\
epoch:  246 , unfiltered:  1.11e-02 , train loss:  1.76e-03 , consistency:  1.000009e+00 , epoch_time =  6.59613823890686 , test loss:  6.02e-03 , validation loss:  6.46e-03\
epoch:  247 , unfiltered:  1.11e-02 , train loss:  1.66e-03 , consistency:  9.999992e-01 , epoch_time =  8.077564001083374 , test loss:  6.56e-03 , validation loss:  6.83e-03\
epoch:  248 , unfiltered:  1.11e-02 , train loss:  1.73e-03 , consistency:  9.999899e-01 , epoch_time =  6.672437906265259 , test loss:  5.38e-03 , validation loss:  6.07e-03\
epoch:  249 , unfiltered:  1.11e-02 , train loss:  1.67e-03 , consistency:  1.000003e+00 , epoch_time =  7.693589925765991 , test loss:  5.29e-03 , validation loss:  6.03e-03\
epoch:  250 , unfiltered:  1.11e-02 , train loss:  1.64e-03 , consistency:  1.000010e+00 , epoch_time =  8.033175468444824 , test loss:  5.53e-03 , validation loss:  6.10e-03\
epoch:  251 , unfiltered:  1.11e-02 , train loss:  1.63e-03 , consistency:  9.999881e-01 , epoch_time =  6.665149688720703 , test loss:  5.71e-03 , validation loss:  6.27e-03\
epoch:  252 , unfiltered:  1.11e-02 , train loss:  1.65e-03 , consistency:  9.999899e-01 , epoch_time =  8.15683913230896 , test loss:  5.77e-03 , validation loss:  6.33e-03\
epoch:  253 , unfiltered:  1.11e-02 , train loss:  1.66e-03 , consistency:  9.999905e-01 , epoch_time =  7.020243167877197 , test loss:  5.19e-03 , validation loss:  5.91e-03  ***\
epoch:  254 , unfiltered:  1.11e-02 , train loss:  1.60e-03 , consistency:  1.000010e+00 , epoch_time =  6.628015518188477 , test loss:  6.13e-03 , validation loss:  6.46e-03\
epoch:  255 , unfiltered:  1.11e-02 , train loss:  1.56e-03 , consistency:  9.999875e-01 , epoch_time =  8.218888282775879 , test loss:  6.50e-03 , validation loss:  6.70e-03\
epoch:  256 , unfiltered:  1.11e-02 , train loss:  1.55e-03 , consistency:  1.000009e+00 , epoch_time =  6.58564019203186 , test loss:  5.62e-03 , validation loss:  6.17e-03\
epoch:  257 , unfiltered:  1.11e-02 , train loss:  1.54e-03 , consistency:  9.999904e-01 , epoch_time =  7.436457395553589 , test loss:  5.27e-03 , validation loss:  5.89e-03  ***\
epoch:  258 , unfiltered:  1.11e-02 , train loss:  1.47e-03 , consistency:  9.999998e-01 , epoch_time =  8.222970485687256 , test loss:  5.61e-03 , validation loss:  6.22e-03\
epoch:  259 , unfiltered:  1.11e-02 , train loss:  1.48e-03 , consistency:  9.999623e-01 , epoch_time =  6.63356876373291 , test loss:  5.55e-03 , validation loss:  6.13e-03\
epoch:  260 , unfiltered:  1.11e-02 , train loss:  1.49e-03 , consistency:  9.999969e-01 , epoch_time =  7.799133062362671 , test loss:  5.68e-03 , validation loss:  6.20e-03\
epoch:  261 , unfiltered:  1.11e-02 , train loss:  1.48e-03 , consistency:  1.000001e+00 , epoch_time =  7.8107640743255615 , test loss:  5.22e-03 , validation loss:  5.95e-03\
epoch:  262 , unfiltered:  1.11e-02 , train loss:  1.49e-03 , consistency:  9.999993e-01 , epoch_time =  6.6204118728637695 , test loss:  5.35e-03 , validation loss:  5.97e-03\
epoch:  263 , unfiltered:  1.11e-02 , train loss:  1.46e-03 , consistency:  9.999993e-01 , epoch_time =  8.245754480361938 , test loss:  5.53e-03 , validation loss:  6.23e-03\
epoch:  264 , unfiltered:  1.11e-02 , train loss:  1.47e-03 , consistency:  9.999992e-01 , epoch_time =  6.6580164432525635 , test loss:  5.11e-03 , validation loss:  5.78e-03  ***\
epoch:  265 , unfiltered:  1.11e-02 , train loss:  1.42e-03 , consistency:  1.000000e+00 , epoch_time =  6.6646928787231445 , test loss:  6.15e-03 , validation loss:  6.51e-03\
epoch:  266 , unfiltered:  1.11e-02 , train loss:  1.38e-03 , consistency:  1.000003e+00 , epoch_time =  8.150837421417236 , test loss:  5.02e-03 , validation loss:  5.67e-03  ***\
epoch:  267 , unfiltered:  1.11e-02 , train loss:  1.35e-03 , consistency:  9.999999e-01 , epoch_time =  7.7405688762664795 , test loss:  6.25e-03 , validation loss:  6.61e-03\
epoch:  268 , unfiltered:  1.11e-02 , train loss:  1.35e-03 , consistency:  1.000001e+00 , epoch_time =  6.543397426605225 , test loss:  5.75e-03 , validation loss:  6.16e-03\
epoch:  269 , unfiltered:  1.11e-02 , train loss:  1.27e-03 , consistency:  9.999974e-01 , epoch_time =  8.200743913650513 , test loss:  5.85e-03 , validation loss:  6.30e-03\
epoch:  270 , unfiltered:  1.11e-02 , train loss:  1.31e-03 , consistency:  1.000003e+00 , epoch_time =  6.551362037658691 , test loss:  5.62e-03 , validation loss:  6.04e-03\
epoch:  271 , unfiltered:  1.11e-02 , train loss:  1.32e-03 , consistency:  1.000012e+00 , epoch_time =  7.55134129524231 , test loss:  5.06e-03 , validation loss:  5.83e-03\
epoch:  272 , unfiltered:  1.11e-02 , train loss:  1.38e-03 , consistency:  9.999619e-01 , epoch_time =  8.098943710327148 , test loss:  5.57e-03 , validation loss:  6.04e-03\
epoch:  273 , unfiltered:  1.11e-02 , train loss:  1.33e-03 , consistency:  1.000010e+00 , epoch_time =  6.5886125564575195 , test loss:  5.54e-03 , validation loss:  5.89e-03\
epoch:  274 , unfiltered:  1.11e-02 , train loss:  1.37e-03 , consistency:  9.999882e-01 , epoch_time =  8.136853456497192 , test loss:  5.57e-03 , validation loss:  6.14e-03\
epoch:  275 , unfiltered:  1.11e-02 , train loss:  1.28e-03 , consistency:  9.999899e-01 , epoch_time =  6.932094573974609 , test loss:  5.67e-03 , validation loss:  6.09e-03\
epoch:  276 , unfiltered:  1.11e-02 , train loss:  1.26e-03 , consistency:  9.999877e-01 , epoch_time =  7.139468193054199 , test loss:  6.20e-03 , validation loss:  6.40e-03\
epoch:  277 , unfiltered:  1.11e-02 , train loss:  1.23e-03 , consistency:  9.999993e-01 , epoch_time =  8.191477060317993 , test loss:  5.53e-03 , validation loss:  5.97e-03\
epoch:  278 , unfiltered:  1.11e-02 , train loss:  1.22e-03 , consistency:  1.000010e+00 , epoch_time =  6.640181303024292 , test loss:  5.89e-03 , validation loss:  6.24e-03\
epoch:  279 , unfiltered:  1.11e-02 , train loss:  1.27e-03 , consistency:  1.000003e+00 , epoch_time =  8.176966428756714 , test loss:  5.87e-03 , validation loss:  6.16e-03\
epoch:  280 , unfiltered:  1.11e-02 , train loss:  1.20e-03 , consistency:  9.999993e-01 , epoch_time =  7.406883716583252 , test loss:  5.04e-03 , validation loss:  5.62e-03  ***\
epoch:  281 , unfiltered:  1.11e-02 , train loss:  1.21e-03 , consistency:  9.999904e-01 , epoch_time =  6.701703786849976 , test loss:  6.66e-03 , validation loss:  6.65e-03\
epoch:  282 , unfiltered:  1.11e-02 , train loss:  1.26e-03 , consistency:  1.000000e+00 , epoch_time =  8.156821727752686 , test loss:  5.90e-03 , validation loss:  6.13e-03\
epoch:  283 , unfiltered:  1.11e-02 , train loss:  1.22e-03 , consistency:  9.999998e-01 , epoch_time =  7.023625373840332 , test loss:  5.54e-03 , validation loss:  6.02e-03\
epoch:  284 , unfiltered:  1.11e-02 , train loss:  1.18e-03 , consistency:  1.000002e+00 , epoch_time =  6.956207752227783 , test loss:  6.49e-03 , validation loss:  6.60e-03\
epoch:  285 , unfiltered:  1.11e-02 , train loss:  1.24e-03 , consistency:  9.999977e-01 , epoch_time =  8.15151572227478 , test loss:  4.99e-03 , validation loss:  5.63e-03\
epoch:  286 , unfiltered:  1.11e-02 , train loss:  1.24e-03 , consistency:  9.999899e-01 , epoch_time =  6.619667053222656 , test loss:  5.33e-03 , validation loss:  5.96e-03\
epoch:  287 , unfiltered:  1.11e-02 , train loss:  1.18e-03 , consistency:  9.999974e-01 , epoch_time =  7.970759630203247 , test loss:  5.23e-03 , validation loss:  5.77e-03\
epoch:  288 , unfiltered:  1.11e-02 , train loss:  1.16e-03 , consistency:  1.000000e+00 , epoch_time =  7.653042554855347 , test loss:  6.02e-03 , validation loss:  6.17e-03\
epoch:  289 , unfiltered:  1.11e-02 , train loss:  1.19e-03 , consistency:  1.000038e+00 , epoch_time =  6.58674693107605 , test loss:  6.20e-03 , validation loss:  6.31e-03\
epoch:  290 , unfiltered:  1.11e-02 , train loss:  1.13e-03 , consistency:  1.000003e+00 , epoch_time =  8.135587930679321 , test loss:  4.96e-03 , validation loss:  5.54e-03  ***\
epoch:  291 , unfiltered:  1.11e-02 , train loss:  1.16e-03 , consistency:  1.000001e+00 , epoch_time =  8.229182243347168 , test loss:  5.05e-03 , validation loss:  5.77e-03\
epoch:  292 , unfiltered:  1.11e-02 , train loss:  1.18e-03 , consistency:  1.000002e+00 , epoch_time =  6.692630767822266 , test loss:  5.61e-03 , validation loss:  5.77e-03\
epoch:  293 , unfiltered:  1.11e-02 , train loss:  1.27e-03 , consistency:  9.999875e-01 , epoch_time =  8.072947025299072 , test loss:  5.86e-03 , validation loss:  5.96e-03\
epoch:  294 , unfiltered:  1.11e-02 , train loss:  1.24e-03 , consistency:  1.000003e+00 , epoch_time =  7.098018646240234 , test loss:  5.22e-03 , validation loss:  5.84e-03\
epoch:  295 , unfiltered:  1.11e-02 , train loss:  1.17e-03 , consistency:  9.999974e-01 , epoch_time =  6.9658050537109375 , test loss:  5.69e-03 , validation loss:  5.81e-03\
epoch:  296 , unfiltered:  1.11e-02 , train loss:  1.09e-03 , consistency:  9.999999e-01 , epoch_time =  8.145888328552246 , test loss:  5.11e-03 , validation loss:  5.55e-03\
epoch:  297 , unfiltered:  1.11e-02 , train loss:  1.13e-03 , consistency:  1.000000e+00 , epoch_time =  6.569376230239868 , test loss:  5.10e-03 , validation loss:  5.67e-03\
epoch:  298 , unfiltered:  1.11e-02 , train loss:  1.11e-03 , consistency:  1.000001e+00 , epoch_time =  8.059527158737183 , test loss:  5.58e-03 , validation loss:  5.83e-03\
epoch:  299 , unfiltered:  1.11e-02 , train loss:  1.08e-03 , consistency:  1.000000e+00 , epoch_time =  7.586321115493774 , test loss:  6.02e-03 , validation loss:  5.97e-03\
epoch:  300 , unfiltered:  1.11e-02 , train loss:  1.04e-03 , consistency:  9.999969e-01 , epoch_time =  6.579153776168823 , test loss:  5.15e-03 , validation loss:  5.64e-03\
epoch:  301 , unfiltered:  1.11e-02 , train loss:  1.19e-03 , consistency:  1.000010e+00 , epoch_time =  8.1778724193573 , test loss:  5.59e-03 , validation loss:  5.83e-03\
epoch:  302 , unfiltered:  1.11e-02 , train loss:  1.15e-03 , consistency:  1.000000e+00 , epoch_time =  6.604924440383911 , test loss:  5.05e-03 , validation loss:  5.51e-03  ***\
epoch:  303 , unfiltered:  1.11e-02 , train loss:  1.07e-03 , consistency:  1.000010e+00 , epoch_time =  6.809194326400757 , test loss:  6.88e-03 , validation loss:  6.75e-03\
epoch:  304 , unfiltered:  1.11e-02 , train loss:  1.08e-03 , consistency:  9.999969e-01 , epoch_time =  8.212136507034302 , test loss:  5.19e-03 , validation loss:  5.58e-03\
epoch:  305 , unfiltered:  1.11e-02 , train loss:  1.02e-03 , consistency:  1.000003e+00 , epoch_time =  6.59945011138916 , test loss:  5.48e-03 , validation loss:  5.69e-03\
epoch:  306 , unfiltered:  1.11e-02 , train loss:  1.01e-03 , consistency:  9.999994e-01 , epoch_time =  7.872729778289795 , test loss:  4.95e-03 , validation loss:  5.57e-03\
epoch:  307 , unfiltered:  1.11e-02 , train loss:  1.10e-03 , consistency:  9.999876e-01 , epoch_time =  7.80399751663208 , test loss:  5.37e-03 , validation loss:  5.61e-03\
epoch:  308 , unfiltered:  1.11e-02 , train loss:  9.79e-04 , consistency:  1.000038e+00 , epoch_time =  6.6149773597717285 , test loss:  5.86e-03 , validation loss:  5.84e-03\
epoch:  309 , unfiltered:  1.11e-02 , train loss:  9.83e-04 , consistency:  1.000038e+00 , epoch_time =  8.151734590530396 , test loss:  5.33e-03 , validation loss:  5.66e-03\
epoch:  310 , unfiltered:  1.11e-02 , train loss:  9.25e-04 , consistency:  9.999998e-01 , epoch_time =  6.737240791320801 , test loss:  6.25e-03 , validation loss:  6.17e-03\
epoch:  311 , unfiltered:  1.11e-02 , train loss:  9.37e-04 , consistency:  1.000009e+00 , epoch_time =  7.396725416183472 , test loss:  5.35e-03 , validation loss:  5.63e-03\
epoch:  312 , unfiltered:  1.11e-02 , train loss:  9.10e-04 , consistency:  9.999998e-01 , epoch_time =  8.199683427810669 , test loss:  5.36e-03 , validation loss:  5.66e-03\
epoch:  313 , unfiltered:  1.11e-02 , train loss:  9.43e-04 , consistency:  9.999969e-01 , epoch_time =  6.582831859588623 , test loss:  5.40e-03 , validation loss:  5.74e-03\
epoch:  314 , unfiltered:  1.11e-02 , train loss:  1.01e-03 , consistency:  9.999881e-01 , epoch_time =  8.10265588760376 , test loss:  6.22e-03 , validation loss:  6.18e-03\
epoch:  315 , unfiltered:  1.11e-02 , train loss:  1.00e-03 , consistency:  1.000003e+00 , epoch_time =  7.337762355804443 , test loss:  6.13e-03 , validation loss:  6.24e-03\
epoch:  316 , unfiltered:  1.11e-02 , train loss:  1.03e-03 , consistency:  1.000001e+00 , epoch_time =  6.660738229751587 , test loss:  5.09e-03 , validation loss:  5.48e-03  ***\
epoch:  317 , unfiltered:  1.11e-02 , train loss:  9.63e-04 , consistency:  9.999993e-01 , epoch_time =  8.087562084197998 , test loss:  6.54e-03 , validation loss:  6.35e-03\
epoch:  318 , unfiltered:  1.11e-02 , train loss:  1.05e-03 , consistency:  1.000010e+00 , epoch_time =  7.029796838760376 , test loss:  5.58e-03 , validation loss:  5.61e-03\
epoch:  319 , unfiltered:  1.11e-02 , train loss:  9.64e-04 , consistency:  1.000038e+00 , epoch_time =  6.644452095031738 , test loss:  6.00e-03 , validation loss:  6.19e-03\
epoch:  320 , unfiltered:  1.11e-02 , train loss:  1.01e-03 , consistency:  9.999976e-01 , epoch_time =  8.090797424316406 , test loss:  4.95e-03 , validation loss:  5.46e-03  ***\
epoch:  321 , unfiltered:  1.11e-02 , train loss:  9.99e-04 , consistency:  9.999970e-01 , epoch_time =  7.557622194290161 , test loss:  5.40e-03 , validation loss:  5.54e-03\
epoch:  322 , unfiltered:  1.11e-02 , train loss:  8.98e-04 , consistency:  1.000002e+00 , epoch_time =  6.579206228256226 , test loss:  5.19e-03 , validation loss:  5.50e-03\
epoch:  323 , unfiltered:  1.11e-02 , train loss:  9.24e-04 , consistency:  9.999882e-01 , epoch_time =  8.108242273330688 , test loss:  4.87e-03 , validation loss:  5.64e-03\
epoch:  324 , unfiltered:  1.11e-02 , train loss:  1.06e-03 , consistency:  9.999899e-01 , epoch_time =  6.621027231216431 , test loss:  6.11e-03 , validation loss:  5.96e-03\
epoch:  325 , unfiltered:  1.11e-02 , train loss:  1.19e-03 , consistency:  1.000002e+00 , epoch_time =  7.646094560623169 , test loss:  5.00e-03 , validation loss:  5.34e-03  ***\
epoch:  326 , unfiltered:  1.11e-02 , train loss:  1.22e-03 , consistency:  9.999993e-01 , epoch_time =  8.14129090309143 , test loss:  6.15e-03 , validation loss:  6.25e-03\
epoch:  327 , unfiltered:  1.11e-02 , train loss:  1.09e-03 , consistency:  9.999969e-01 , epoch_time =  6.574166774749756 , test loss:  5.19e-03 , validation loss:  5.40e-03\
epoch:  328 , unfiltered:  1.11e-02 , train loss:  9.35e-04 , consistency:  1.000012e+00 , epoch_time =  7.997625350952148 , test loss:  5.32e-03 , validation loss:  5.53e-03\
epoch:  329 , unfiltered:  1.11e-02 , train loss:  9.17e-04 , consistency:  1.000012e+00 , epoch_time =  7.631093502044678 , test loss:  5.41e-03 , validation loss:  5.52e-03\
epoch:  330 , unfiltered:  1.11e-02 , train loss:  8.67e-04 , consistency:  1.000012e+00 , epoch_time =  6.587510108947754 , test loss:  5.62e-03 , validation loss:  5.75e-03\
epoch:  331 , unfiltered:  1.11e-02 , train loss:  9.19e-04 , consistency:  1.000001e+00 , epoch_time =  8.285310745239258 , test loss:  5.68e-03 , validation loss:  5.66e-03\
epoch:  332 , unfiltered:  1.11e-02 , train loss:  8.64e-04 , consistency:  9.999899e-01 , epoch_time =  6.693078994750977 , test loss:  5.46e-03 , validation loss:  5.60e-03\
epoch:  333 , unfiltered:  1.11e-02 , train loss:  8.25e-04 , consistency:  1.000012e+00 , epoch_time =  7.271097898483276 , test loss:  5.57e-03 , validation loss:  5.60e-03\
epoch:  334 , unfiltered:  1.11e-02 , train loss:  9.13e-04 , consistency:  1.000010e+00 , epoch_time =  8.128491401672363 , test loss:  5.63e-03 , validation loss:  5.71e-03\
epoch:  335 , unfiltered:  1.11e-02 , train loss:  9.03e-04 , consistency:  9.999969e-01 , epoch_time =  6.537160873413086 , test loss:  5.14e-03 , validation loss:  5.50e-03\
epoch:  336 , unfiltered:  1.11e-02 , train loss:  8.61e-04 , consistency:  9.999999e-01 , epoch_time =  8.138153076171875 , test loss:  5.39e-03 , validation loss:  5.59e-03\
epoch:  337 , unfiltered:  1.11e-02 , train loss:  8.37e-04 , consistency:  9.999904e-01 , epoch_time =  7.0989861488342285 , test loss:  5.15e-03 , validation loss:  5.46e-03\
epoch:  338 , unfiltered:  1.11e-02 , train loss:  8.49e-04 , consistency:  1.000013e+00 , epoch_time =  6.898194074630737 , test loss:  5.19e-03 , validation loss:  5.45e-03\
epoch:  339 , unfiltered:  1.11e-02 , train loss:  7.68e-04 , consistency:  1.000010e+00 , epoch_time =  8.169073104858398 , test loss:  5.39e-03 , validation loss:  5.58e-03\
epoch:  340 , unfiltered:  1.11e-02 , train loss:  7.79e-04 , consistency:  9.999904e-01 , epoch_time =  6.599863767623901 , test loss:  5.73e-03 , validation loss:  5.63e-03\
epoch:  341 , unfiltered:  1.11e-02 , train loss:  7.97e-04 , consistency:  9.999899e-01 , epoch_time =  7.936549425125122 , test loss:  5.20e-03 , validation loss:  5.67e-03\
epoch:  342 , unfiltered:  1.11e-02 , train loss:  9.17e-04 , consistency:  1.000003e+00 , epoch_time =  7.725783109664917 , test loss:  5.09e-03 , validation loss:  5.31e-03  ***\
epoch:  343 , unfiltered:  1.11e-02 , train loss:  8.10e-04 , consistency:  1.000010e+00 , epoch_time =  6.600771427154541 , test loss:  5.35e-03 , validation loss:  5.54e-03\
epoch:  344 , unfiltered:  1.11e-02 , train loss:  7.80e-04 , consistency:  9.999969e-01 , epoch_time =  8.234514236450195 , test loss:  5.32e-03 , validation loss:  5.67e-03\
epoch:  345 , unfiltered:  1.11e-02 , train loss:  7.95e-04 , consistency:  9.999971e-01 , epoch_time =  7.479265451431274 , test loss:  5.84e-03 , validation loss:  5.70e-03\
epoch:  346 , unfiltered:  1.11e-02 , train loss:  7.99e-04 , consistency:  9.999875e-01 , epoch_time =  6.612427711486816 , test loss:  5.45e-03 , validation loss:  5.55e-03\
epoch:  347 , unfiltered:  1.11e-02 , train loss:  8.96e-04 , consistency:  9.999993e-01 , epoch_time =  8.126155853271484 , test loss:  5.36e-03 , validation loss:  5.71e-03\
epoch:  348 , unfiltered:  1.11e-02 , train loss:  7.95e-04 , consistency:  1.000010e+00 , epoch_time =  7.265749931335449 , test loss:  5.27e-03 , validation loss:  5.50e-03\
epoch:  349 , unfiltered:  1.11e-02 , train loss:  8.70e-04 , consistency:  9.999969e-01 , epoch_time =  6.6444902420043945 , test loss:  5.35e-03 , validation loss:  5.35e-03\
epoch:  350 , unfiltered:  1.11e-02 , train loss:  8.05e-04 , consistency:  9.999875e-01 , epoch_time =  8.077772378921509 , test loss:  5.73e-03 , validation loss:  5.74e-03\
epoch:  351 , unfiltered:  1.11e-02 , train loss:  7.46e-04 , consistency:  1.000000e+00 , epoch_time =  6.658264875411987 , test loss:  5.48e-03 , validation loss:  5.55e-03\
epoch:  352 , unfiltered:  1.11e-02 , train loss:  7.68e-04 , consistency:  9.999974e-01 , epoch_time =  7.646634101867676 , test loss:  5.09e-03 , validation loss:  5.51e-03\
epoch:  353 , unfiltered:  1.11e-02 , train loss:  1.02e-03 , consistency:  9.999992e-01 , epoch_time =  7.9890758991241455 , test loss:  5.71e-03 , validation loss:  5.70e-03\
epoch:  354 , unfiltered:  1.11e-02 , train loss:  1.09e-03 , consistency:  1.000000e+00 , epoch_time =  6.62080192565918 , test loss:  4.76e-03 , validation loss:  5.20e-03  ***\
epoch:  355 , unfiltered:  1.11e-02 , train loss:  9.17e-04 , consistency:  1.000000e+00 , epoch_time =  7.886416673660278 , test loss:  5.58e-03 , validation loss:  5.62e-03\
epoch:  356 , unfiltered:  1.11e-02 , train loss:  8.19e-04 , consistency:  1.000010e+00 , epoch_time =  7.794758558273315 , test loss:  5.59e-03 , validation loss:  5.67e-03\
epoch:  357 , unfiltered:  1.11e-02 , train loss:  8.02e-04 , consistency:  1.000003e+00 , epoch_time =  6.570975065231323 , test loss:  5.13e-03 , validation loss:  5.34e-03\
epoch:  358 , unfiltered:  1.11e-02 , train loss:  7.66e-04 , consistency:  1.000013e+00 , epoch_time =  8.39850401878357 , test loss:  4.79e-03 , validation loss:  5.37e-03\
epoch:  359 , unfiltered:  1.11e-02 , train loss:  7.63e-04 , consistency:  9.999625e-01 , epoch_time =  7.102071762084961 , test loss:  5.50e-03 , validation loss:  5.54e-03\
epoch:  360 , unfiltered:  1.11e-02 , train loss:  7.32e-04 , consistency:  9.999999e-01 , epoch_time =  7.014492511749268 , test loss:  5.38e-03 , validation loss:  5.42e-03\
epoch:  361 , unfiltered:  1.11e-02 , train loss:  7.42e-04 , consistency:  9.999876e-01 , epoch_time =  8.185531854629517 , test loss:  5.02e-03 , validation loss:  5.59e-03\
epoch:  362 , unfiltered:  1.11e-02 , train loss:  7.98e-04 , consistency:  1.000003e+00 , epoch_time =  6.610607862472534 , test loss:  5.71e-03 , validation loss:  5.63e-03\
epoch:  363 , unfiltered:  1.11e-02 , train loss:  8.14e-04 , consistency:  9.999974e-01 , epoch_time =  8.161754131317139 , test loss:  5.53e-03 , validation loss:  5.38e-03\
epoch:  364 , unfiltered:  1.11e-02 , train loss:  9.22e-04 , consistency:  1.000003e+00 , epoch_time =  7.4593665599823 , test loss:  5.19e-03 , validation loss:  5.56e-03\
epoch:  365 , unfiltered:  1.11e-02 , train loss:  8.57e-04 , consistency:  1.000038e+00 , epoch_time =  6.648392200469971 , test loss:  4.77e-03 , validation loss:  5.29e-03\
epoch:  366 , unfiltered:  1.11e-02 , train loss:  7.91e-04 , consistency:  1.000003e+00 , epoch_time =  8.095617294311523 , test loss:  5.56e-03 , validation loss:  5.57e-03\
epoch:  367 , unfiltered:  1.11e-02 , train loss:  8.06e-04 , consistency:  9.999992e-01 , epoch_time =  6.576438903808594 , test loss:  5.42e-03 , validation loss:  5.46e-03\
epoch:  368 , unfiltered:  1.11e-02 , train loss:  7.03e-04 , consistency:  1.000038e+00 , epoch_time =  7.65769362449646 , test loss:  5.53e-03 , validation loss:  5.59e-03\
epoch:  369 , unfiltered:  1.11e-02 , train loss:  7.35e-04 , consistency:  9.999969e-01 , epoch_time =  7.978147983551025 , test loss:  5.27e-03 , validation loss:  5.51e-03\
epoch:  370 , unfiltered:  1.11e-02 , train loss:  8.57e-04 , consistency:  1.000038e+00 , epoch_time =  6.613195180892944 , test loss:  5.20e-03 , validation loss:  5.31e-03\
epoch:  371 , unfiltered:  1.11e-02 , train loss:  8.18e-04 , consistency:  1.000003e+00 , epoch_time =  8.153959035873413 , test loss:  5.00e-03 , validation loss:  5.42e-03\
epoch:  372 , unfiltered:  1.11e-02 , train loss:  7.84e-04 , consistency:  9.999970e-01 , epoch_time =  6.92957878112793 , test loss:  5.49e-03 , validation loss:  5.45e-03\
epoch:  373 , unfiltered:  1.11e-02 , train loss:  7.96e-04 , consistency:  9.999976e-01 , epoch_time =  7.134154319763184 , test loss:  4.99e-03 , validation loss:  5.57e-03\
epoch:  374 , unfiltered:  1.11e-02 , train loss:  8.77e-04 , consistency:  1.000003e+00 , epoch_time =  8.190017223358154 , test loss:  5.49e-03 , validation loss:  5.61e-03\
epoch:  375 , unfiltered:  1.11e-02 , train loss:  8.31e-04 , consistency:  9.999970e-01 , epoch_time =  6.614176511764526 , test loss:  5.34e-03 , validation loss:  5.36e-03\
epoch:  376 , unfiltered:  1.11e-02 , train loss:  7.59e-04 , consistency:  9.999899e-01 , epoch_time =  8.09482192993164 , test loss:  5.24e-03 , validation loss:  5.39e-03\
epoch:  377 , unfiltered:  1.11e-02 , train loss:  6.81e-04 , consistency:  9.999969e-01 , epoch_time =  7.520914793014526 , test loss:  5.28e-03 , validation loss:  5.44e-03\
epoch:  378 , unfiltered:  1.11e-02 , train loss:  6.55e-04 , consistency:  9.999881e-01 , epoch_time =  6.689498424530029 , test loss:  5.47e-03 , validation loss:  5.45e-03\
epoch:  379 , unfiltered:  1.11e-02 , train loss:  6.75e-04 , consistency:  1.000002e+00 , epoch_time =  8.197825908660889 , test loss:  5.84e-03 , validation loss:  5.61e-03\
epoch:  380 , unfiltered:  1.11e-02 , train loss:  6.78e-04 , consistency:  1.000012e+00 , epoch_time =  6.588155508041382 , test loss:  5.53e-03 , validation loss:  5.55e-03\
epoch:  381 , unfiltered:  1.11e-02 , train loss:  7.18e-04 , consistency:  1.000003e+00 , epoch_time =  6.684078931808472 , test loss:  5.83e-03 , validation loss:  5.80e-03\
epoch:  382 , unfiltered:  1.11e-02 , train loss:  7.59e-04 , consistency:  9.999974e-01 , epoch_time =  8.161035299301147 , test loss:  4.73e-03 , validation loss:  5.21e-03\
epoch:  383 , unfiltered:  1.11e-02 , train loss:  8.01e-04 , consistency:  1.000038e+00 , epoch_time =  6.568624973297119 , test loss:  5.95e-03 , validation loss:  5.75e-03\
epoch:  384 , unfiltered:  1.11e-02 , train loss:  7.55e-04 , consistency:  1.000002e+00 , epoch_time =  7.688513994216919 , test loss:  5.34e-03 , validation loss:  5.31e-03\
epoch:  385 , unfiltered:  1.11e-02 , train loss:  7.38e-04 , consistency:  1.000009e+00 , epoch_time =  8.076769351959229 , test loss:  5.08e-03 , validation loss:  5.45e-03\
epoch:  386 , unfiltered:  1.11e-02 , train loss:  9.23e-04 , consistency:  1.000003e+00 , epoch_time =  6.672625780105591 , test loss:  5.74e-03 , validation loss:  5.65e-03\
epoch:  387 , unfiltered:  1.11e-02 , train loss:  1.09e-03 , consistency:  9.999992e-01 , epoch_time =  8.108436346054077 , test loss:  5.25e-03 , validation loss:  5.30e-03\
epoch:  388 , unfiltered:  1.11e-02 , train loss:  9.10e-04 , consistency:  9.999899e-01 , epoch_time =  7.092927694320679 , test loss:  5.15e-03 , validation loss:  5.42e-03\
epoch:  389 , unfiltered:  1.11e-02 , train loss:  9.28e-04 , consistency:  1.000012e+00 , epoch_time =  7.012653589248657 , test loss:  5.32e-03 , validation loss:  5.41e-03\
epoch:  390 , unfiltered:  1.11e-02 , train loss:  7.70e-04 , consistency:  1.000000e+00 , epoch_time =  8.187392950057983 , test loss:  5.15e-03 , validation loss:  5.38e-03\
epoch:  391 , unfiltered:  1.11e-02 , train loss:  7.41e-04 , consistency:  1.000003e+00 , epoch_time =  6.604322195053101 , test loss:  5.49e-03 , validation loss:  5.51e-03\
epoch:  392 , unfiltered:  1.11e-02 , train loss:  7.15e-04 , consistency:  9.999875e-01 , epoch_time =  8.041759729385376 , test loss:  5.73e-03 , validation loss:  5.70e-03\
epoch:  393 , unfiltered:  1.11e-02 , train loss:  6.83e-04 , consistency:  9.999882e-01 , epoch_time =  7.6766886711120605 , test loss:  5.19e-03 , validation loss:  5.34e-03\
epoch:  394 , unfiltered:  1.11e-02 , train loss:  6.15e-04 , consistency:  1.000012e+00 , epoch_time =  6.593699932098389 , test loss:  5.32e-03 , validation loss:  5.37e-03\
epoch:  395 , unfiltered:  1.11e-02 , train loss:  6.40e-04 , consistency:  1.000010e+00 , epoch_time =  8.283389568328857 , test loss:  5.49e-03 , validation loss:  5.57e-03\
epoch:  396 , unfiltered:  1.11e-02 , train loss:  6.76e-04 , consistency:  1.000010e+00 , epoch_time =  6.69988751411438 , test loss:  5.95e-03 , validation loss:  5.64e-03\
epoch:  397 , unfiltered:  1.11e-02 , train loss:  6.61e-04 , consistency:  9.999993e-01 , epoch_time =  7.375353813171387 , test loss:  4.99e-03 , validation loss:  5.26e-03\
epoch:  398 , unfiltered:  1.11e-02 , train loss:  6.22e-04 , consistency:  1.000003e+00 , epoch_time =  8.58975863456726 , test loss:  5.31e-03 , validation loss:  5.49e-03\
epoch:  399 , unfiltered:  1.11e-02 , train loss:  6.57e-04 , consistency:  1.000010e+00 , epoch_time =  6.659565210342407 , test loss:  5.33e-03 , validation loss:  5.44e-03\
epoch:  400 , unfiltered:  1.11e-02 , train loss:  6.68e-04 , consistency:  9.999881e-01 , epoch_time =  8.172922372817993 , test loss:  5.16e-03 , validation loss:  5.35e-03\
epoch:  401 , unfiltered:  1.11e-02 , train loss:  8.01e-04 , consistency:  9.999998e-01 , epoch_time =  7.405002117156982 , test loss:  5.44e-03 , validation loss:  5.51e-03\
epoch:  402 , unfiltered:  1.11e-02 , train loss:  7.44e-04 , consistency:  9.999904e-01 , epoch_time =  6.736388206481934 , test loss:  5.21e-03 , validation loss:  5.45e-03\
epoch:  403 , unfiltered:  1.11e-02 , train loss:  7.28e-04 , consistency:  9.999969e-01 , epoch_time =  8.104824304580688 , test loss:  5.17e-03 , validation loss:  5.32e-03\
epoch:  404 , unfiltered:  1.11e-02 , train loss:  6.81e-04 , consistency:  9.999882e-01 , epoch_time =  6.625146150588989 , test loss:  5.67e-03 , validation loss:  5.49e-03\
epoch:  405 , unfiltered:  1.11e-02 , train loss:  6.79e-04 , consistency:  1.000038e+00 , epoch_time =  7.749361991882324 , test loss:  5.94e-03 , validation loss:  5.77e-03\
epoch:  406 , unfiltered:  1.11e-02 , train loss:  6.88e-04 , consistency:  9.999970e-01 , epoch_time =  8.202342987060547 , test loss:  5.67e-03 , validation loss:  5.64e-03\
epoch:  407 , unfiltered:  1.11e-02 , train loss:  6.41e-04 , consistency:  9.999906e-01 , epoch_time =  6.625622272491455 , test loss:  5.30e-03 , validation loss:  5.30e-03\
epoch:  408 , unfiltered:  1.11e-02 , train loss:  6.67e-04 , consistency:  9.999899e-01 , epoch_time =  8.203968048095703 , test loss:  5.20e-03 , validation loss:  5.24e-03\
epoch:  409 , unfiltered:  1.11e-02 , train loss:  7.00e-04 , consistency:  9.999623e-01 , epoch_time =  6.93545389175415 , test loss:  5.23e-03 , validation loss:  5.33e-03\
epoch:  410 , unfiltered:  1.11e-02 , train loss:  5.99e-04 , consistency:  1.000001e+00 , epoch_time =  7.007093191146851 , test loss:  5.47e-03 , validation loss:  5.48e-03\
epoch:  411 , unfiltered:  1.11e-02 , train loss:  5.91e-04 , consistency:  9.999881e-01 , epoch_time =  8.185981273651123 , test loss:  5.34e-03 , validation loss:  5.40e-03\
epoch:  412 , unfiltered:  1.11e-02 , train loss:  6.68e-04 , consistency:  9.999881e-01 , epoch_time =  6.652280330657959 , test loss:  5.24e-03 , validation loss:  5.39e-03\
epoch:  413 , unfiltered:  1.11e-02 , train loss:  6.08e-04 , consistency:  9.999976e-01 , epoch_time =  8.131623029708862 , test loss:  5.90e-03 , validation loss:  5.65e-03\
epoch:  414 , unfiltered:  1.11e-02 , train loss:  6.67e-04 , consistency:  1.000001e+00 , epoch_time =  7.524111032485962 , test loss:  4.94e-03 , validation loss:  5.17e-03  ***\
epoch:  415 , unfiltered:  1.11e-02 , train loss:  7.24e-04 , consistency:  9.999883e-01 , epoch_time =  6.6587584018707275 , test loss:  5.22e-03 , validation loss:  5.57e-03\
epoch:  416 , unfiltered:  1.11e-02 , train loss:  6.78e-04 , consistency:  1.000010e+00 , epoch_time =  8.203938722610474 , test loss:  5.30e-03 , validation loss:  5.26e-03\
epoch:  417 , unfiltered:  1.11e-02 , train loss:  6.72e-04 , consistency:  1.000001e+00 , epoch_time =  8.15701675415039 , test loss:  5.10e-03 , validation loss:  5.33e-03\
epoch:  418 , unfiltered:  1.11e-02 , train loss:  6.94e-04 , consistency:  1.000003e+00 , epoch_time =  7.076076984405518 , test loss:  5.69e-03 , validation loss:  5.68e-03\
epoch:  419 , unfiltered:  1.11e-02 , train loss:  6.26e-04 , consistency:  9.999998e-01 , epoch_time =  8.14456844329834 , test loss:  5.61e-03 , validation loss:  5.47e-03\
epoch:  420 , unfiltered:  1.11e-02 , train loss:  6.31e-04 , consistency:  9.999905e-01 , epoch_time =  7.518556594848633 , test loss:  5.96e-03 , validation loss:  5.80e-03\
epoch:  421 , unfiltered:  1.11e-02 , train loss:  6.54e-04 , consistency:  9.999969e-01 , epoch_time =  6.59712553024292 , test loss:  5.30e-03 , validation loss:  5.26e-03\
epoch:  422 , unfiltered:  1.11e-02 , train loss:  6.27e-04 , consistency:  1.000038e+00 , epoch_time =  8.125001668930054 , test loss:  5.51e-03 , validation loss:  5.60e-03\
epoch:  423 , unfiltered:  1.11e-02 , train loss:  6.30e-04 , consistency:  9.999899e-01 , epoch_time =  6.5601277351379395 , test loss:  5.46e-03 , validation loss:  5.51e-03\
epoch:  424 , unfiltered:  1.11e-02 , train loss:  6.75e-04 , consistency:  1.000002e+00 , epoch_time =  7.6294801235198975 , test loss:  5.27e-03 , validation loss:  5.26e-03\
epoch:  425 , unfiltered:  1.11e-02 , train loss:  6.63e-04 , consistency:  1.000001e+00 , epoch_time =  8.190029382705688 , test loss:  5.57e-03 , validation loss:  5.59e-03\
epoch:  426 , unfiltered:  1.11e-02 , train loss:  6.42e-04 , consistency:  9.999994e-01 , epoch_time =  6.634136915206909 , test loss:  5.17e-03 , validation loss:  5.40e-03\
epoch:  427 , unfiltered:  1.11e-02 , train loss:  5.69e-04 , consistency:  1.000010e+00 , epoch_time =  8.052210569381714 , test loss:  5.67e-03 , validation loss:  5.46e-03\
epoch:  428 , unfiltered:  1.11e-02 , train loss:  5.83e-04 , consistency:  9.999617e-01 , epoch_time =  6.967469692230225 , test loss:  5.53e-03 , validation loss:  5.59e-03\
epoch:  429 , unfiltered:  1.11e-02 , train loss:  5.78e-04 , consistency:  9.999969e-01 , epoch_time =  7.092577934265137 , test loss:  5.77e-03 , validation loss:  5.58e-03\
epoch:  430 , unfiltered:  1.11e-02 , train loss:  7.90e-04 , consistency:  9.999974e-01 , epoch_time =  8.10680603981018 , test loss:  5.50e-03 , validation loss:  5.63e-03\
epoch:  431 , unfiltered:  1.11e-02 , train loss:  9.15e-04 , consistency:  9.999881e-01 , epoch_time =  6.6249589920043945 , test loss:  4.98e-03 , validation loss:  5.19e-03\
epoch:  432 , unfiltered:  1.11e-02 , train loss:  7.40e-04 , consistency:  9.999899e-01 , epoch_time =  8.224097967147827 , test loss:  5.26e-03 , validation loss:  5.32e-03\
epoch:  433 , unfiltered:  1.11e-02 , train loss:  6.88e-04 , consistency:  9.999904e-01 , epoch_time =  7.464415550231934 , test loss:  5.09e-03 , validation loss:  5.27e-03\
epoch:  434 , unfiltered:  1.11e-02 , train loss:  6.48e-04 , consistency:  9.999904e-01 , epoch_time =  6.5839924812316895 , test loss:  5.02e-03 , validation loss:  5.31e-03\
epoch:  435 , unfiltered:  1.11e-02 , train loss:  6.05e-04 , consistency:  1.000010e+00 , epoch_time =  8.181756019592285 , test loss:  5.28e-03 , validation loss:  5.39e-03\
epoch:  436 , unfiltered:  1.11e-02 , train loss:  6.47e-04 , consistency:  1.000003e+00 , epoch_time =  6.612430095672607 , test loss:  6.37e-03 , validation loss:  5.92e-03\
epoch:  437 , unfiltered:  1.11e-02 , train loss:  6.70e-04 , consistency:  1.000000e+00 , epoch_time =  7.582324504852295 , test loss:  5.26e-03 , validation loss:  5.35e-03\
epoch:  438 , unfiltered:  1.11e-02 , train loss:  5.69e-04 , consistency:  9.999899e-01 , epoch_time =  7.975305795669556 , test loss:  5.25e-03 , validation loss:  5.34e-03\
epoch:  439 , unfiltered:  1.11e-02 , train loss:  5.44e-04 , consistency:  9.999875e-01 , epoch_time =  6.627492666244507 , test loss:  5.31e-03 , validation loss:  5.40e-03\
epoch:  440 , unfiltered:  1.11e-02 , train loss:  5.79e-04 , consistency:  9.999876e-01 , epoch_time =  8.079578638076782 , test loss:  5.18e-03 , validation loss:  5.45e-03\
epoch:  441 , unfiltered:  1.11e-02 , train loss:  7.33e-04 , consistency:  1.000009e+00 , epoch_time =  6.967721223831177 , test loss:  5.41e-03 , validation loss:  5.31e-03\
epoch:  442 , unfiltered:  1.11e-02 , train loss:  6.55e-04 , consistency:  1.000010e+00 , epoch_time =  7.014119625091553 , test loss:  5.59e-03 , validation loss:  5.63e-03\
epoch:  443 , unfiltered:  1.11e-02 , train loss:  6.58e-04 , consistency:  9.999904e-01 , epoch_time =  8.119235277175903 , test loss:  5.84e-03 , validation loss:  5.67e-03\
epoch:  444 , unfiltered:  1.11e-02 , train loss:  6.06e-04 , consistency:  9.999905e-01 , epoch_time =  6.622503280639648 , test loss:  4.96e-03 , validation loss:  5.18e-03\
epoch:  445 , unfiltered:  1.11e-02 , train loss:  6.01e-04 , consistency:  9.999876e-01 , epoch_time =  8.093500137329102 , test loss:  5.27e-03 , validation loss:  5.34e-03\
epoch:  446 , unfiltered:  1.11e-02 , train loss:  7.72e-04 , consistency:  9.999992e-01 , epoch_time =  7.591575622558594 , test loss:  5.44e-03 , validation loss:  5.42e-03\
epoch:  447 , unfiltered:  1.11e-02 , train loss:  7.72e-04 , consistency:  1.000003e+00 , epoch_time =  6.5861663818359375 , test loss:  5.20e-03 , validation loss:  5.22e-03\
epoch:  448 , unfiltered:  1.11e-02 , train loss:  6.83e-04 , consistency:  1.000003e+00 , epoch_time =  8.111453533172607 , test loss:  5.62e-03 , validation loss:  5.53e-03\
epoch:  449 , unfiltered:  1.11e-02 , train loss:  8.21e-04 , consistency:  9.999971e-01 , epoch_time =  6.602069139480591 , test loss:  5.40e-03 , validation loss:  5.40e-03\
epoch:  450 , unfiltered:  1.11e-02 , train loss:  7.16e-04 , consistency:  1.000003e+00 , epoch_time =  7.527090072631836 , test loss:  5.25e-03 , validation loss:  5.37e-03\
epoch:  451 , unfiltered:  1.11e-02 , train loss:  6.02e-04 , consistency:  1.000001e+00 , epoch_time =  8.059805393218994 , test loss:  5.58e-03 , validation loss:  5.49e-03\
epoch:  452 , unfiltered:  1.11e-02 , train loss:  7.08e-04 , consistency:  1.000001e+00 , epoch_time =  6.635773658752441 , test loss:  5.37e-03 , validation loss:  5.35e-03\
epoch:  453 , unfiltered:  1.11e-02 , train loss:  6.45e-04 , consistency:  9.999998e-01 , epoch_time =  8.11617398262024 , test loss:  6.06e-03 , validation loss:  5.82e-03\
epoch:  454 , unfiltered:  1.11e-02 , train loss:  6.63e-04 , consistency:  1.000001e+00 , epoch_time =  6.9675657749176025 , test loss:  5.40e-03 , validation loss:  5.47e-03\
epoch:  455 , unfiltered:  1.11e-02 , train loss:  6.12e-04 , consistency:  9.999969e-01 , epoch_time =  7.008483409881592 , test loss:  5.54e-03 , validation loss:  5.45e-03\
epoch:  456 , unfiltered:  1.11e-02 , train loss:  5.75e-04 , consistency:  1.000038e+00 , epoch_time =  8.228973388671875 , test loss:  5.65e-03 , validation loss:  5.50e-03\
epoch:  457 , unfiltered:  1.11e-02 , train loss:  5.37e-04 , consistency:  1.000010e+00 , epoch_time =  9.082465887069702 , test loss:  5.12e-03 , validation loss:  5.26e-03\
epoch:  458 , unfiltered:  1.11e-02 , train loss:  5.89e-04 , consistency:  9.999969e-01 , epoch_time =  6.945155143737793 , test loss:  5.35e-03 , validation loss:  5.41e-03\
epoch:  459 , unfiltered:  1.11e-02 , train loss:  6.46e-04 , consistency:  1.000038e+00 , epoch_time =  8.253857374191284 , test loss:  5.96e-03 , validation loss:  5.79e-03\
epoch:  460 , unfiltered:  1.11e-02 , train loss:  6.12e-04 , consistency:  1.000012e+00 , epoch_time =  6.604654550552368 , test loss:  5.37e-03 , validation loss:  5.38e-03\
epoch:  461 , unfiltered:  1.11e-02 , train loss:  5.58e-04 , consistency:  1.000003e+00 , epoch_time =  7.93315315246582 , test loss:  5.55e-03 , validation loss:  5.43e-03\
epoch:  462 , unfiltered:  1.11e-02 , train loss:  5.44e-04 , consistency:  9.999998e-01 , epoch_time =  7.732395887374878 , test loss:  5.90e-03 , validation loss:  5.71e-03\
epoch:  463 , unfiltered:  1.11e-02 , train loss:  6.16e-04 , consistency:  9.999998e-01 , epoch_time =  6.639287233352661 , test loss:  5.13e-03 , validation loss:  5.28e-03\
epoch:  464 , unfiltered:  1.11e-02 , train loss:  5.87e-04 , consistency:  1.000003e+00 , epoch_time =  8.152234077453613 , test loss:  5.43e-03 , validation loss:  5.44e-03\
epoch:  465 , unfiltered:  1.11e-02 , train loss:  6.42e-04 , consistency:  9.999623e-01 , epoch_time =  6.688521385192871 , test loss:  5.03e-03 , validation loss:  5.33e-03\
epoch:  466 , unfiltered:  1.11e-02 , train loss:  6.36e-04 , consistency:  9.999618e-01 , epoch_time =  7.43195915222168 , test loss:  5.16e-03 , validation loss:  5.22e-03\
epoch:  467 , unfiltered:  1.11e-02 , train loss:  6.33e-04 , consistency:  1.000010e+00 , epoch_time =  8.159469366073608 , test loss:  5.49e-03 , validation loss:  5.45e-03\
epoch:  468 , unfiltered:  1.11e-02 , train loss:  5.63e-04 , consistency:  9.999999e-01 , epoch_time =  6.655932426452637 , test loss:  5.34e-03 , validation loss:  5.42e-03\
epoch:  469 , unfiltered:  1.11e-02 , train loss:  5.20e-04 , consistency:  9.999881e-01 , epoch_time =  8.240525722503662 , test loss:  5.85e-03 , validation loss:  5.61e-03\
epoch:  470 , unfiltered:  1.11e-02 , train loss:  5.24e-04 , consistency:  9.999906e-01 , epoch_time =  7.273475408554077 , test loss:  5.47e-03 , validation loss:  5.39e-03\
epoch:  471 , unfiltered:  1.11e-02 , train loss:  5.13e-04 , consistency:  9.999971e-01 , epoch_time =  6.680630445480347 , test loss:  4.93e-03 , validation loss:  5.14e-03  ***\
epoch:  472 , unfiltered:  1.11e-02 , train loss:  6.89e-04 , consistency:  1.000000e+00 , epoch_time =  8.228540897369385 , test loss:  5.53e-03 , validation loss:  5.54e-03\
epoch:  473 , unfiltered:  1.11e-02 , train loss:  6.67e-04 , consistency:  9.999976e-01 , epoch_time =  7.105176210403442 , test loss:  5.57e-03 , validation loss:  5.47e-03\
epoch:  474 , unfiltered:  1.11e-02 , train loss:  5.90e-04 , consistency:  9.999876e-01 , epoch_time =  7.045635938644409 , test loss:  5.67e-03 , validation loss:  5.47e-03\
epoch:  475 , unfiltered:  1.11e-02 , train loss:  6.18e-04 , consistency:  1.000000e+00 , epoch_time =  8.186483144760132 , test loss:  5.24e-03 , validation loss:  5.27e-03\
epoch:  476 , unfiltered:  1.11e-02 , train loss:  5.87e-04 , consistency:  1.000000e+00 , epoch_time =  6.633329391479492 , test loss:  5.27e-03 , validation loss:  5.36e-03\
epoch:  477 , unfiltered:  1.11e-02 , train loss:  5.15e-04 , consistency:  9.999881e-01 , epoch_time =  7.857982158660889 , test loss:  5.89e-03 , validation loss:  5.64e-03\
epoch:  478 , unfiltered:  1.11e-02 , train loss:  5.02e-04 , consistency:  1.000012e+00 , epoch_time =  7.827578783035278 , test loss:  5.33e-03 , validation loss:  5.41e-03\
epoch:  479 , unfiltered:  1.11e-02 , train loss:  5.07e-04 , consistency:  9.999998e-01 , epoch_time =  6.698080778121948 , test loss:  5.49e-03 , validation loss:  5.39e-03\
epoch:  480 , unfiltered:  1.11e-02 , train loss:  4.99e-04 , consistency:  1.000010e+00 , epoch_time =  8.168493032455444 , test loss:  5.15e-03 , validation loss:  5.31e-03\
epoch:  481 , unfiltered:  1.11e-02 , train loss:  5.53e-04 , consistency:  9.999976e-01 , epoch_time =  7.042840003967285 , test loss:  5.43e-03 , validation loss:  5.41e-03\
epoch:  482 , unfiltered:  1.11e-02 , train loss:  5.38e-04 , consistency:  1.000003e+00 , epoch_time =  6.9946746826171875 , test loss:  5.47e-03 , validation loss:  5.48e-03\
epoch:  483 , unfiltered:  1.11e-02 , train loss:  5.09e-04 , consistency:  9.999882e-01 , epoch_time =  8.165040969848633 , test loss:  5.04e-03 , validation loss:  5.39e-03\
epoch:  484 , unfiltered:  1.11e-02 , train loss:  5.33e-04 , consistency:  1.000010e+00 , epoch_time =  6.552369832992554 , test loss:  5.26e-03 , validation loss:  5.19e-03\
epoch:  485 , unfiltered:  1.11e-02 , train loss:  6.39e-04 , consistency:  9.999905e-01 , epoch_time =  7.954975843429565 , test loss:  4.98e-03 , validation loss:  5.22e-03\
epoch:  486 , unfiltered:  1.11e-02 , train loss:  6.43e-04 , consistency:  9.999618e-01 , epoch_time =  7.794667482376099 , test loss:  5.70e-03 , validation loss:  5.55e-03\
epoch:  487 , unfiltered:  1.11e-02 , train loss:  5.11e-04 , consistency:  1.000038e+00 , epoch_time =  6.627287864685059 , test loss:  5.69e-03 , validation loss:  5.50e-03\
epoch:  488 , unfiltered:  1.11e-02 , train loss:  4.88e-04 , consistency:  9.999899e-01 , epoch_time =  8.122317790985107 , test loss:  5.45e-03 , validation loss:  5.33e-03\
epoch:  489 , unfiltered:  1.11e-02 , train loss:  6.07e-04 , consistency:  1.000010e+00 , epoch_time =  6.822745323181152 , test loss:  4.77e-03 , validation loss:  5.33e-03\
epoch:  490 , unfiltered:  1.11e-02 , train loss:  6.15e-04 , consistency:  1.000009e+00 , epoch_time =  7.2072062492370605 , test loss:  5.50e-03 , validation loss:  5.35e-03\
epoch:  491 , unfiltered:  1.11e-02 , train loss:  5.55e-04 , consistency:  1.000038e+00 , epoch_time =  8.139404058456421 , test loss:  5.02e-03 , validation loss:  5.21e-03\
epoch:  492 , unfiltered:  1.11e-02 , train loss:  5.02e-04 , consistency:  1.000012e+00 , epoch_time =  6.611752510070801 , test loss:  5.56e-03 , validation loss:  5.50e-03\
epoch:  493 , unfiltered:  1.11e-02 , train loss:  4.67e-04 , consistency:  9.999899e-01 , epoch_time =  8.205118656158447 , test loss:  5.54e-03 , validation loss:  5.44e-03\
epoch:  494 , unfiltered:  1.11e-02 , train loss:  4.55e-04 , consistency:  1.000003e+00 , epoch_time =  7.5913307666778564 , test loss:  5.19e-03 , validation loss:  5.34e-03\
epoch:  495 , unfiltered:  1.11e-02 , train loss:  4.82e-04 , consistency:  1.000001e+00 , epoch_time =  6.598243236541748 , test loss:  5.61e-03 , validation loss:  5.45e-03\
epoch:  496 , unfiltered:  1.11e-02 , train loss:  5.56e-04 , consistency:  1.000038e+00 , epoch_time =  8.197121858596802 , test loss:  5.17e-03 , validation loss:  5.25e-03\
epoch:  497 , unfiltered:  1.11e-02 , train loss:  5.05e-04 , consistency:  1.000002e+00 , epoch_time =  6.555893421173096 , test loss:  5.50e-03 , validation loss:  5.54e-03\
epoch:  498 , unfiltered:  1.11e-02 , train loss:  5.98e-04 , consistency:  9.999905e-01 , epoch_time =  7.506451368331909 , test loss:  5.67e-03 , validation loss:  5.44e-03\
epoch:  499 , unfiltered:  1.11e-02 , train loss:  6.15e-04 , consistency:  1.000001e+00 , epoch_time =  10.384344339370728 , test loss:  5.01e-03 , validation loss:  5.27e-03}